employee_id,first_name,last_name,department_id,position,hire_date,salary
1,Morie,Collen,3,Account Coordinator,06-04-2024,59928.23
2,Minne,Reilinger,3,Account Coordinator,07-06-2024,70623.63
3,Lemuel,Scandred,3,Account Coordinator,05-05-2024,45110.07
4,Sybille,Pigden,3,Account Coordinator,07-04-2024,72924
5,Waite,Hamshar,3,Account Coordinator,17-04-2024,67705.22
6,Jakie,Filtness,3,Account Coordinator,09-03-2024,41202.48
7,Caleb,Loftin,3,Account Coordinator,26-09-2023,68025.54
8,Demetre,Manuello,3,Account Coordinator,09-06-2024,48939.74
9,Lita,Yetman,3,Account Coordinator,17-08-2023,57057.9
10,Kurtis,MacGeaney,3,Account Coordinator,23-04-2024,44160.83
11,Dulcea,Beckham,3,Account Executive,29-02-2024,74587.08
12,Nowell,O'Lahy,3,Account Executive,14-09-2023,64816.31
13,Lexy,Huggan,3,Account Executive,15-03-2024,51535.13
14,Zerk,Levine,3,Account Executive,04-11-2023,48593.31
15,Sterling,Joyes,3,Account Executive,11-11-2023,52806.72
16,Jaquelin,Ironside,3,Account Executive,16-02-2024,58062.63
17,Grayce,Giffard,3,Account Executive,21-10-2023,75954.59
18,Tommy,Proske,3,Account Executive,27-06-2024,51622.37
19,Herbert,Hadny,3,Account Executive,10-05-2024,72749.12
20,Ram,Ravilious,3,Account Representative I,16-11-2023,49034.29
21,Vincenz,Massinger,3,Account Representative I,03-12-2023,76779.52
22,Noellyn,Sayton,3,Account Representative I,02-05-2024,48755.95
23,Jordain,Downage,3,Account Representative I,10-05-2024,73675.82
24,Hillary,Fearnley,3,Account Representative III,13-09-2023,58617.34
25,Avivah,Bernholt,3,Account Representative III,23-12-2023,72921.08
26,Stuart,Noad,3,Account Representative IV,29-05-2024,49742.54
27,Anne-corinne,Niessen,8,Accountant I,11-03-2024,41591.44
28,Katee,Tembridge,8,Accountant II,03-01-2024,68742.74
29,Harrie,Haddow,8,Accountant II,21-11-2023,73613.67
30,Lock,Cawkill,8,Accountant III,01-04-2024,55359.03
31,Cori,Gurry,8,Accountant IV,28-02-2024,46041.46
32,Trixy,Patmore,8,Accountant IV,05-04-2024,65633.77
33,Berk,Easby,8,Accounting Assistant I,30-03-2024,41682.43
34,Lavena,Abramovic,8,Accounting Assistant I,02-01-2024,53923.98
35,Langston,Stainson,8,Accounting Assistant II,26-09-2023,44646.77
36,Jeanelle,Hennington,8,Accounting Assistant II,04-10-2023,67250.89
37,Celle,Allright,8,Accounting Assistant III,06-06-2024,68407.48
38,Moira,Casserley,8,Accounting Assistant IV,06-07-2024,40204.91
39,Tanney,Jackes,8,Accounting Assistant IV,26-08-2023,77366.02
40,Lexy,Brik,8,Accounting Assistant IV,31-08-2023,49150.22
41,Theresa,Scowen,2,Actuary,30-03-2024,62800.5
42,Helen-elizabeth,Sharpus,2,Actuary,08-01-2024,73259.4
43,Roosevelt,Thirlwell,2,Actuary,16-10-2023,41762.53
44,Lisetta,Pieters,2,Actuary,30-04-2024,75430.81
45,Eloise,Cotgrove,2,Actuary,20-01-2024,69075.06
46,Noe,Brothers,2,Actuary,01-08-2023,42869.32
47,Jody,Caddell,2,Actuary,17-11-2023,69778.34
48,Asia,Sperry,2,Actuary,19-11-2023,62003.01
49,Kellen,Sorey,2,Actuary,27-04-2024,67627.91
50,Shanie,Glasheen,2,Actuary,13-09-2023,76257.36
51,Bevan,Lodo,2,Actuary,23-05-2024,77114.04
52,Rupert,Lodwick,2,Actuary,25-04-2024,44601.99
53,Harriett,Reckhouse,4,Administrative Assistant I,22-03-2024,41599.33
54,Arda,Furlonge,4,Administrative Assistant I,20-11-2023,76158.81
55,Kora,Trusler,4,Administrative Assistant I,20-07-2023,62702.48
56,Ned,Acaster,4,Administrative Assistant I,17-09-2023,69229.34
57,Josie,Delafont,4,Administrative Assistant I,05-10-2023,49991.23
58,Guillema,Kilmurry,4,Administrative Assistant II,19-06-2024,49221.74
59,Krisha,McIlhatton,4,Administrative Assistant II,03-07-2024,41332.09
60,Sid,Shellum,4,Administrative Assistant III,04-02-2024,50183.95
61,Rawley,Smail,4,Administrative Assistant III,25-11-2023,59448.82
62,Barret,Le Batteur,4,Administrative Assistant III,30-03-2024,51923.93
63,Garfield,Whisson,4,Administrative Assistant IV,28-02-2024,51346.44
64,Cymbre,Chastey,4,Administrative Assistant IV,23-07-2023,64653.03
65,Launce,Endricci,4,Administrative Officer,26-01-2024,43730.61
66,Evonne,Nairy,4,Administrative Officer,20-06-2024,52269.63
67,Demetris,Britner,4,Administrative Officer,24-09-2023,46199.07
68,Padraic,Perez,4,Administrative Officer,26-07-2023,56663.06
69,Lindi,Leighton,4,Administrative Officer,26-07-2023,56234.72
70,Douglas,Mattielli,7,Analog Circuit Design manager,14-08-2020,66741.46
71,Kermie,Cox,7,Analog Circuit Design manager,28-10-2023,42846.52
72,Enrichetta,Quakley,7,Analog Circuit Design manager,14-10-2019,65829.12
73,Dougie,Probyn,7,Analog Circuit Design manager,22-04-2018,68516.27
74,De,Melton,7,Analog Circuit Design manager,13-05-2017,75257.2
75,Xymenes,Duguid,7,Analog Circuit Design manager,27-05-2024,47773.72
76,Peggi,Burns,7,Analog Circuit Design manager,16-06-2024,52761.3
77,Hillary,Stilwell,7,Analog Circuit Design manager,03-11-2023,77326.83
78,Margaretta,Presslie,7,Analog Circuit Design manager,11-04-2024,69848.1
79,Thain,Borer,7,Analog Circuit Design manager,04-02-2024,61286.82
80,Amory,Freddi,7,Analog Circuit Design manager,13-06-2024,57766.07
81,Kirstin,Warbeys,7,Analog Circuit Design manager,16-07-2023,61208.08
82,Orbadiah,Itzkovich,7,Analog Circuit Design manager,26-04-2024,54124.39
83,Eada,Voce,7,Analog Circuit Design manager,26-08-2023,64251.99
84,Garrard,Macey,7,Analog Circuit Design manager,25-05-2024,64930.93
85,Tessi,Filde,7,Analog Circuit Design manager,09-06-2024,62372.88
86,Gabriella,Ungerecht,7,Analog Circuit Design manager,29-10-2019,75743.35
87,Cleon,Otto,5,Analyst Programmer,05-11-2023,65182.5
88,Franciskus,Kubicka,5,Analyst Programmer,07-11-2023,65328.66
89,Melisse,Messruther,5,Analyst Programmer,07-04-2024,45219.87
90,Gay,Caulcutt,5,Analyst Programmer,28-01-2024,68511.83
91,Jules,John,5,Analyst Programmer,04-09-2023,43334.65
92,Jon,Adriaens,5,Analyst Programmer,28-12-2023,50745.66
93,Barbra,Turgoose,5,Analyst Programmer,15-08-2023,50670.26
94,Maximilianus,Deeves,5,Analyst Programmer,05-07-2019,79217.43
95,Atlanta,Spaice,5,Analyst Programmer,19-12-2023,49930.77
96,Vasilis,Delgaty,6,Assistant Manager,21-01-2024,43761.15
97,Byrle,Montford,6,Assistant Manager,09-07-2024,56628.93
98,Marcelo,Sumshon,6,Assistant Manager,02-02-2024,57782.25
99,Isacco,Benito,6,Assistant Manager,27-10-2019,74635.74
100,Kathy,Shank,6,Assistant Manager,23-12-2023,53440.8
101,Demeter,Huggett,6,Assistant Manager,20-11-2023,43566.35
102,Kelsy,Colclough,15,Assistant Media Planner,15-11-2023,48456.75
103,Joya,Kwietak,15,Assistant Media Planner,01-01-2024,55473.25
104,Salaidh,McMyler,15,Assistant Media Planner,26-10-2020,77899.82
105,Sadie,Acory,15,Assistant Media Planner,23-09-2019,73012.84
106,Terrijo,Tripe,15,Assistant Media Planner,23-10-2018,73666.87
107,Tanny,Teresi,15,Assistant Media Planner,02-01-2024,65137.08
108,Scot,Cloute,15,Assistant Media Planner,03-02-2018,79327.37
109,Issy,Willcocks,15,Assistant Media Planner,17-12-2023,57467.35
110,Cindee,Grant,12,Assistant Professor,07-06-2024,66408.38
111,Kalvin,Possel,12,Assistant Professor,08-10-2023,76044.69
112,Diena,Waddell,12,Assistant Professor,06-10-2023,62876.09
113,Nari,Klesse,12,Assistant Professor,17-05-2024,54719.6
114,Bibi,Slimon,12,Assistant Professor,14-03-2024,47340.98
115,Roderick,Crollman,12,Assistant Professor,26-01-2024,65694.25
116,Frederigo,Michell,12,Assistant Professor,22-02-2024,55984.1
117,Vale,Hovenden,12,Assistant Professor,14-11-2023,60820.04
118,Claresta,Kruszelnicki,12,Associate Professor,28-01-2024,44149.98
119,Artur,Iacovozzo,12,Associate Professor,12-02-2016,72012.86
120,Pauly,Pedican,12,Associate Professor,09-10-2021,62872.67
121,Alix,Lamblin,12,Associate Professor,14-04-2024,45076.44
122,Carroll,Baelde,12,Associate Professor,22-02-2024,41342.91
123,Yvette,Ottewell,12,Associate Professor,19-04-2024,74131.42
124,Shelba,Plevey,12,Associate Professor,24-12-2023,44347.76
125,Elvira,Pallaske,12,Associate Professor,17-07-2023,43125.46
126,Shalne,Hurch,12,Associate Professor,12-05-2024,57453.07
127,Anjela,Sedgemore,12,Associate Professor,17-07-2021,67914.66
128,Zachery,Skyppe,12,Associate Professor,02-06-2022,58410.33
129,Sandye,Mapston,7,Automation Specialist I,16-08-2023,41850.4
130,Brice,Baston,7,Automation Specialist I,22-05-2024,48437.14
131,Lydon,Heale,7,Automation Specialist I,16-01-2024,69758.54
132,Clemmy,Widdop,7,Automation Specialist II,20-01-2024,63562.22
133,Kyla,Falk,7,Automation Specialist II,04-02-2024,66904.85
134,Ashli,Gorry,7,Automation Specialist III,30-12-2023,78935.72
135,Olivero,Martynikhin,7,Automation Specialist III,12-09-2023,76498.41
136,Daloris,Danilewicz,7,Automation Specialist IV,15-12-2019,78740.37
137,Margareta,McIvor,7,Automation Specialist IV,27-05-2022,75271.08
138,Dorette,Umpleby,7,Automation Specialist IV,05-03-2021,63956.17
139,Cordy,Moquin,2,Biostatistician I,10-03-2024,70837.51
140,Augusta,Cabotto,2,Biostatistician I,08-07-2024,65122.74
141,Dur,Silverthorne,2,Biostatistician II,04-05-2024,60095.42
142,Alix,Worthy,2,Biostatistician II,09-04-2024,58471.68
143,Bobine,Bangs,2,Biostatistician II,04-09-2023,40904.81
144,Sibylla,McCarry,2,Biostatistician II,14-09-2023,73099.63
145,Paola,Jandak,2,Biostatistician III,03-11-2023,57384.99
146,Cymbre,Campaigne,2,Biostatistician III,23-06-2022,74647.34
147,Karen,Aubrun,2,Biostatistician IV,17-10-2023,41951.32
148,Tobey,Darter,8,Budget/Accounting Analyst I,26-02-2024,44152.25
149,Carmon,Braiden,8,Budget/Accounting Analyst I,22-01-2024,48146.38
150,Sydel,Sanham,8,Budget/Accounting Analyst I,01-01-2024,61801.59
151,Tanney,Merdew,8,Budget/Accounting Analyst II,18-09-2023,71335.37
152,Shanie,Hubback,8,Budget/Accounting Analyst IV,03-09-2023,62085.16
153,Chiarra,Chieze,8,Budget/Accounting Analyst IV,10-10-2023,47519.04
154,Francisca,Sleany,3,Business Systems Development Analyst,09-09-2021,73202.04
155,Rustie,Maddigan,3,Business Systems Development Analyst,23-02-2022,76926.74
156,Hernando,Millett,3,Business Systems Development Analyst,16-07-2023,59643.43
157,Shell,Chapell,3,Business Systems Development Analyst,05-04-2024,40597.64
158,Batholomew,Twoohy,3,Business Systems Development Analyst,01-02-2024,75894.59
159,Conchita,Sarre,3,Business Systems Development Analyst,13-07-2023,62582.58
160,Robena,Ramel,3,Business Systems Development Analyst,25-07-2021,77041.61
161,Roddy,McGirr,3,Business Systems Development Analyst,12-02-2024,48712.59
162,Kennett,Nesbeth,3,Business Systems Development Analyst,30-04-2024,65091.54
163,Rheba,De Metz,3,Business Systems Development Analyst,05-02-2021,74119
164,Zane,Kropach,7,Chemical Engineer,16-01-2024,57217.05
165,Isabeau,Riehm,7,Chemical Engineer,24-07-2023,78378.44
166,Reynard,Hawker,7,Chemical Engineer,23-08-2023,73464.34
167,Puff,Spaven,7,Chemical Engineer,21-10-2023,50860.8
168,Stavro,Schmuhl,7,Chemical Engineer,25-03-2024,51718.25
169,Rosemaria,Lissett,7,Chemical Engineer,08-01-2024,67453.22
170,Barret,Balstone,7,Chemical Engineer,29-07-2023,41132.95
171,Marti,MacAulay,7,Chemical Engineer,16-05-2024,46618.97
172,Hillyer,Gleaves,7,Chemical Engineer,22-11-2023,67657.25
173,Bowie,Clerc,7,Chemical Engineer,20-11-2023,77381.1
174,Hashim,Fihelly,7,Chemical Engineer,26-02-2024,66880.8
175,Colas,Ogilvie,7,Chemical Engineer,15-12-2023,46041.81
176,Chilton,McKain,7,Chemical Engineer,03-09-2023,62265.6
177,Lev,O'Regan,7,Chief Design Engineer,28-04-2015,51130.98
178,Orren,Macken,7,Chief Design Engineer,11-02-2016,46651.29
179,Lindie,Escoffrey,7,Chief Design Engineer,02-01-2017,78661.61
180,Travis,Gosnoll,7,Chief Design Engineer,11-12-2016,49880.61
181,Corbin,Kubu,7,Civil Engineer,13-12-2023,54141.51
182,Eda,Colvine,7,Civil Engineer,27-04-2024,44692.87
183,Sharron,Josifovitz,7,Civil Engineer,17-12-2023,59532.29
184,Toby,Coldicott,7,Civil Engineer,01-08-2023,51458.62
185,Ardath,Skirrow,7,Civil Engineer,09-11-2023,65579.76
186,Agnes,Mowlam,7,Civil Engineer,08-02-2024,77895.25
187,Cross,Elvey,7,Civil Engineer,21-06-2024,60012.1
188,Claudianus,Rosedale,1,Clinical Specialist,03-11-2023,78502.6
189,Bidget,Arney,1,Clinical Specialist,12-07-2023,77680.8
190,Leann,Bradburn,1,Clinical Specialist,15-06-2024,41403.9
191,Lyell,Prettyjohns,1,Clinical Specialist,08-11-2023,61089.69
192,Vanda,Lobe,1,Clinical Specialist,10-09-2023,45708.41
193,Antony,Bauduin,1,Clinical Specialist,10-09-2023,59531.75
194,Guglielma,Ramshay,1,Clinical Specialist,06-10-2023,50458.88
195,Janeen,Greedyer,10,Community Outreach Specialist,20-12-2023,57413.21
196,Atlanta,Tortoishell,10,Community Outreach Specialist,19-08-2023,67108.92
197,Hakim,Gaylor,10,Community Outreach Specialist,12-09-2023,42620.62
198,Jamima,Tremoulet,10,Community Outreach Specialist,01-09-2023,72161.63
199,Nathalie,Remer,10,Community Outreach Specialist,24-12-2023,71531.16
200,Terra,Antonin,10,Community Outreach Specialist,02-01-2024,44347.68
201,Sheila,Gabey,10,Community Outreach Specialist,21-09-2023,50102.66
202,Alasdair,Lilian,10,Community Outreach Specialist,22-07-2023,60549.3
203,Carrissa,Yukhov,10,Community Outreach Specialist,09-05-2024,40711.71
204,Milty,Buffery,10,Community Outreach Specialist,26-10-2023,62977.38
205,Zorana,Furniss,10,Community Outreach Specialist,29-08-2023,49293.09
206,Calley,Raoul,10,Community Outreach Specialist,16-01-2024,59156.94
207,Cthrine,Perle,8,Compensation Analyst,03-05-2024,41037.1
208,Andy,Turford,8,Compensation Analyst,13-08-2023,76707.8
209,Wallace,Badby,8,Compensation Analyst,21-08-2023,61018.62
210,Rolland,Verson,8,Compensation Analyst,24-10-2023,71611.16
211,Georgeta,Wims,8,Compensation Analyst,23-03-2024,76760.53
212,Verney,Wadworth,8,Compensation Analyst,08-04-2024,63710.58
213,Denis,Di Antonio,8,Compensation Analyst,31-05-2024,55187.49
214,Archer,Iacobo,8,Compensation Analyst,31-08-2023,40251.31
215,Dolores,MacKereth,8,Compensation Analyst,27-12-2023,74159.5
216,Patty,Glennard,8,Compensation Analyst,18-12-2023,65432.56
217,Coop,O'Hoey,5,Computer Systems Analyst I,04-10-2023,52232.27
218,Mollee,Middlewick,5,Computer Systems Analyst I,06-06-2024,57647.09
219,Jonathan,Riby,5,Computer Systems Analyst IV,30-12-2021,58119.1
220,Abigale,Kilby,5,Computer Systems Analyst IV,25-12-2020,45836.47
221,Jade,Layborn,5,Computer Systems Analyst IV,05-04-2019,74873.14
222,Wallas,Keddle,8,Cost Accountant,16-05-2018,71439.25
223,Olivette,Bartunek,8,Cost Accountant,28-11-2023,42445.73
224,Berget,Wareing,8,Cost Accountant,11-10-2023,56376.14
225,Nonnah,Oxshott,8,Cost Accountant,23-11-2020,76895
226,Sharla,Kynson,8,Cost Accountant,06-05-2024,42461.23
227,Nissy,Readings,8,Cost Accountant,23-11-2023,52120.63
228,Thorvald,Shimwell,8,Cost Accountant,05-02-2024,46776.12
229,Candace,Girone,8,Cost Accountant,27-02-2024,63369.79
230,Madelena,Olver,8,Cost Accountant,20-06-2024,50681.5
231,Morena,Fasse,1,Data Coordinator,13-09-2023,52863.22
232,James,Starsmore,1,Data Coordinator,03-06-2024,51609.25
233,Puff,Keesman,1,Data Coordinator,29-10-2023,50901.59
234,Othilia,Wind,1,Data Coordinator,29-11-2023,62312.33
235,Normand,Verson,1,Data Coordinator,19-10-2019,69974.25
236,Jarred,Lakenton,1,Data Coordinator,20-11-2023,53837.61
237,Nehemiah,Newlin,1,Data Coordinator,27-03-2024,54733.71
238,Kale,Berisford,1,Data Coordinator,11-04-2024,44573.41
239,Gavin,Battman,1,Data Coordinator,28-08-2023,43227.46
240,Eberto,MacArte,1,Data Coordinator,05-09-2023,60294.28
241,Glen,Lukovic,5,Database Administrator I,18-02-2024,44423.38
242,Gram,Maund,5,Database Administrator I,13-07-2023,70402.95
243,Frasco,Crossingham,5,Database Administrator I,31-12-2023,46968.77
244,Anne,Langford,5,Database Administrator III,02-10-2023,69674.82
245,Denver,Noore,5,Database Administrator III,18-07-2023,71091.93
246,Mar,Mangon,5,Database Administrator III,21-09-2023,66628.11
247,Faber,Drew-Clifton,5,Database Administrator IV,11-09-2023,40058.53
248,Paulette,Rudinger,5,Database Administrator IV,12-01-2019,41000.94
249,Ardella,Pietruszka,5,Database Administrator IV,10-05-2020,56462.68
250,Shanie,Bullock,5,Database Administrator IV,01-06-2020,63595.91
251,Anna-maria,Tudge,1,Dental Hygienist,21-06-2018,62008.41
252,Fernandina,Peckett,1,Dental Hygienist,02-03-2024,58414.11
253,Kathi,Fraschini,1,Dental Hygienist,03-11-2023,75240.25
254,Bernete,Vassar,1,Dental Hygienist,02-07-2024,53321.47
255,Rebekah,Jillitt,1,Dental Hygienist,26-08-2023,41272.36
256,Nate,Bleby,1,Dental Hygienist,14-05-2024,74426.43
257,Larine,Cicchinelli,7,Design Engineer,26-05-2024,55201.48
258,Nerissa,Leebeter,7,Design Engineer,04-09-2023,57678.36
259,Dilly,Dowtry,7,Design Engineer,26-10-2023,75380.2
260,Jozef,Crose,7,Design Engineer,12-11-2023,60984.51
261,Herculie,Goulder,7,Design Engineer,17-02-2024,48434.74
262,Theresita,Morsey,7,Design Engineer,18-09-2023,46055.26
263,Aurilia,Robertacci,7,Design Engineer,16-05-2024,60770.32
264,Bellanca,Laxton,7,Design Engineer,29-02-2024,79392.74
265,Aila,Cridlon,7,Design Engineer,22-06-2024,48173.33
266,Kingsley,Grzes,5,Desktop Support Technician,21-07-2023,62549.46
267,Tallie,Powell,5,Desktop Support Technician,04-04-2024,63037.08
268,Fleur,Ledger,5,Desktop Support Technician,11-05-2024,45844.66
269,Itch,MacScherie,5,Desktop Support Technician,20-08-2023,43364.71
270,Vivyanne,Chancelier,5,Desktop Support Technician,08-10-2023,51946.64
271,Darelle,Firbank,5,Desktop Support Technician,09-06-2024,73987.9
272,Emanuele,Wallentin,5,Desktop Support Technician,31-03-2022,70049.16
273,Elizabet,McLaren,5,Desktop Support Technician,18-10-2021,72372.03
274,Letty,Willers,7,Developer I,12-09-2023,55465.19
275,Linoel,Gorghetto,7,Developer I,09-04-2024,46167.96
276,Violet,Hawes,7,Developer I,17-03-2024,75530.38
277,Sheeree,Vasse,7,Developer I,28-05-2024,69204.73
278,Rafferty,Cramond,7,Developer II,27-08-2023,53191.09
279,Kleon,Eliassen,7,Developer II,12-12-2023,56531.9
280,Rorie,Darridon,7,Developer II,15-03-2024,67133.6
281,Jaclin,Sharpley,7,Developer III,15-03-2024,45839.06
282,Pepillo,Raise,7,Developer III,05-12-2023,63685.89
283,Jocelin,Goncaves,7,Developer IV,17-07-2021,67489.84
284,Alvan,Kuhnke,7,Developer IV,22-09-2020,78661.64
285,Ted,Escoffrey,7,Developer IV,03-04-2022,58394.59
286,Georgeanna,Greenstreet,7,Developer IV,03-04-2019,73185.63
287,Sharron,Prawle,3,Director of Sales,22-03-2024,51264.33
288,Ray,Liccardo,3,Director of Sales,13-10-2023,68689.83
289,Daisy,Wermerling,3,Director of Sales,06-12-2023,54141.94
290,Niccolo,Macconaghy,3,Director of Sales,21-01-2024,75959.29
291,Consalve,Knapton,3,Director of Sales,31-08-2023,52556.49
292,Maximo,Flowerdew,3,Director of Sales,10-10-2023,72173.2
293,Letizia,Firle,3,Director of Sales,16-10-2023,41182.8
294,Janel,Cornewall,3,Director of Sales,22-05-2024,57058.44
295,Dicky,Garman,3,Director of Sales,12-09-2023,57195.47
296,Drew,Marconi,3,Director of Sales,29-01-2024,47735.98
297,Raf,Maxstead,3,Director of Sales,07-09-2023,72347.59
298,Valma,Reasun,15,Editor,22-06-2024,51485.41
299,Jonis,Andor,15,Editor,02-11-2023,56308.26
300,Philis,Chaulk,15,Editor,17-02-2024,41939.78
301,Vivia,Marioneau,15,Editor,16-07-2023,63150.84
302,Mickie,Vittel,15,Editor,30-04-2024,45929.85
303,Gerhardine,Sandeland,15,Editor,15-12-2023,43292.62
304,Hirsch,Goade,15,Editor,03-02-2024,70642.11
305,Kerri,Melesk,15,Editor,08-08-2023,66299.2
306,Kerry,McGlaughn,15,Editor,15-03-2024,71314.62
307,Cathryn,Chamberlaine,15,Editor,31-01-2024,66904.01
308,Quincey,McIlraith,15,Editor,03-09-2023,44636.99
309,Winifield,Forward,7,Electrical Engineer,05-10-2023,54470.26
310,Noe,Mifflin,7,Electrical Engineer,15-09-2023,61259.05
311,Anya,Boxhall,7,Electrical Engineer,10-07-2023,59942.74
312,Onofredo,Coopman,7,Electrical Engineer,30-10-2023,41736.55
313,Benjamin,Burgiss,7,Electrical Engineer,24-10-2023,62313.79
314,Hadlee,Bevens,7,Electrical Engineer,07-01-2024,59869.5
315,Jackelyn,Dunnet,7,Electrical Engineer,27-02-2024,57683.84
316,Bronnie,Nanninini,7,Electrical Engineer,19-11-2023,66956.89
317,Nikoletta,Kempton,7,Engineer I,07-08-2023,60076.45
318,Delilah,Drane,7,Engineer I,11-10-2023,78410.24
319,Kippie,Wintour,7,Engineer II,25-09-2023,72171.7
320,Dani,Rumin,7,Engineer II,01-08-2023,42268.06
321,Timmy,Pancost,7,Engineer II,20-05-2020,65521.98
322,Homer,Heitz,7,Engineer III,20-07-2021,45653.59
323,Farley,Staries,7,Engineer IV,07-05-2019,72090.78
324,Shaylyn,Matusovsky,7,Environmental Specialist,22-05-2024,58138.14
325,Hilliard,Kiossel,7,Environmental Specialist,18-11-2023,66498.86
326,Jemimah,Kunneke,7,Environmental Specialist,27-08-2023,63611.12
327,Carina,Gradley,7,Environmental Specialist,24-08-2023,42157.14
328,Tierney,Posselt,7,Environmental Specialist,03-11-2023,79021.76
329,Hashim,Tremayne,7,Environmental Specialist,15-12-2023,68770.17
330,Gawen,Biaggetti,7,Environmental Specialist,23-07-2023,61463.86
331,Ellette,Poore,7,Environmental Specialist,07-11-2023,53031.89
332,Leeland,Yelland,7,Environmental Tech,22-10-2023,57246.98
333,Wilbur,Kleinmintz,7,Environmental Tech,03-12-2023,66579.94
334,Dorotea,Madsen,7,Environmental Tech,18-01-2024,57436.8
335,Jereme,Cathee,7,Environmental Tech,15-12-2023,44929.56
336,Rockey,Challice,7,Environmental Tech,02-05-2024,64550.53
337,Chaddy,Gilbride,7,Environmental Tech,17-06-2024,67826.75
338,Tanny,Warfield,7,Environmental Tech,11-03-2024,69012.86
339,Harriot,Farnes,4,Executive Secretary,27-09-2023,68774.73
340,Hamlen,Vasyunichev,4,Executive Secretary,11-11-2023,74139.76
341,Tanny,Waywell,4,Executive Secretary,05-12-2023,52538.91
342,Marinna,Dovydenas,4,Executive Secretary,26-08-2023,56691.74
343,Brooks,Vanyard,4,Executive Secretary,14-12-2023,59968.7
344,Fritz,Townrow,4,Executive Secretary,28-09-2023,59297.17
345,Julian,Folbige,4,Executive Secretary,03-09-2023,48787.43
346,Kessiah,Ploughwright,4,Executive Secretary,21-06-2024,72678.87
347,Gigi,Le Batteur,4,Executive Secretary,12-06-2024,74953.43
348,Rolf,Joscelyne,4,Executive Secretary,01-11-2023,75197.98
349,Bary,Menary,4,Executive Secretary,27-06-2024,57984.73
350,Merry,Dyer,8,Financial Advisor,29-10-2023,67779.49
351,Cleopatra,Letixier,8,Financial Advisor,14-01-2024,76726.78
352,Shaina,Garley,8,Financial Advisor,11-11-2023,70994.72
353,Sherm,Cramphorn,8,Financial Advisor,07-09-2023,66064.17
354,Scarface,Bagnal,8,Financial Advisor,04-02-2024,49727.44
355,Katalin,Yegorkin,8,Financial Advisor,06-02-2024,51369.24
356,Brennan,Luddy,8,Financial Advisor,18-01-2021,70618.38
357,Eberto,Simonin,8,Financial Analyst,08-07-2020,77146.86
358,Clementius,Vogl,8,Financial Analyst,03-12-2023,48678.64
359,Jakie,Grim,8,Financial Analyst,16-04-2024,42547.51
360,Abie,Steventon,8,Financial Analyst,17-07-2023,42030.07
361,Lucias,Chinery,8,Financial Analyst,04-08-2023,54421.58
362,Carney,Childes,8,Financial Analyst,24-10-2023,42558.05
363,Jermaine,Hirsthouse,8,Financial Analyst,23-03-2021,77709.39
364,Jorge,Brazear,8,Financial Analyst,22-10-2023,49451.59
365,Hillard,Ruscoe,8,Financial Analyst,27-03-2022,64624.95
366,Nevsa,MacTerrelly,13,Food Chemist,25-07-2023,60129.05
367,Yetta,Seger,13,Food Chemist,04-02-2024,40656.26
368,Chancey,Wessing,13,Food Chemist,11-02-2024,69804.36
369,Harlene,Larmett,13,Food Chemist,30-03-2024,64684.88
370,Kyle,Pougher,13,Food Chemist,22-07-2021,70782.82
371,Gav,Wasteney,13,Food Chemist,24-03-2024,54608.34
372,Kellby,Kundert,13,Food Chemist,21-10-2023,55071.16
373,Elisha,Bushen,13,Food Chemist,20-11-2023,57333.51
374,Dave,Casperri,13,Food Chemist,05-12-2023,61331.74
375,Marlo,Brotherhed,6,General Manager,17-10-2023,41802.62
376,Amalle,Copas,6,General Manager,13-02-2024,56680.88
377,Den,Deviney,6,General Manager,26-04-2022,75036.86
378,Aloisia,Privett,6,General Manager,01-04-2024,44845.76
379,Panchito,Heaker,6,General Manager,30-06-2024,63538.04
380,Cristobal,Chadwen,6,General Manager,15-11-2023,56659.42
381,Renault,Skipperbottom,6,General Manager,16-03-2022,67912.27
382,Doralyn,Dalley,7,Geological Engineer,14-06-2024,45230.83
383,Nissa,Bachs,7,Geological Engineer,14-01-2024,63928.74
384,Sumner,Burkin,7,Geological Engineer,03-02-2024,68025.18
385,Nikola,Bavage,7,Geological Engineer,18-01-2024,51331.97
386,Nicolina,Clemmey,7,Geological Engineer,11-05-2021,69259.45
387,Cora,Bourhill,7,Geological Engineer,08-02-2024,75985.3
388,Addison,Glassopp,7,Geological Engineer,04-01-2024,59309.13
389,Arline,Challace,7,Geological Engineer,30-08-2023,56927.43
390,Gris,Earie,7,Geological Engineer,06-11-2023,45289.63
391,Claudine,Windress,7,Geologist I,14-04-2024,45723.24
392,Timmie,Agass,7,Geologist I,09-09-2023,78298.72
393,Louisette,Shimoni,7,Geologist II,15-02-2024,79897.01
394,Armin,Perrygo,7,Geologist III,19-12-2023,60792.67
395,Nicolina,Ballingal,7,Geologist III,14-09-2023,42096.2
396,Bernette,Sellan,7,Geologist III,13-10-2021,51017.53
397,Sollie,Duferie,7,Geologist III,05-05-2021,40167.33
398,Gardie,Cuming,7,Geologist III,03-12-2022,44375.95
399,Augusta,Dobbins,7,Geologist IV,19-12-2020,54732.02
400,Mayor,Horburgh,7,GIS Technical Architect,06-06-2024,68229.51
401,Tyson,Slaten,7,GIS Technical Architect,27-06-2024,48584.84
402,Piggy,Polon,7,GIS Technical Architect,15-01-2024,43552.25
403,Freddie,Bedell,7,GIS Technical Architect,05-07-2024,71778.88
404,Alasdair,Rubinovitch,7,GIS Technical Architect,09-01-2024,56106.76
405,Shanta,Dodman,7,GIS Technical Architect,16-06-2021,70414.16
406,Winnah,Bolwell,7,GIS Technical Architect,29-05-2020,78328.48
407,Yehudi,Maylard,7,GIS Technical Architect,09-10-2021,77124.07
408,Hall,Patise,7,GIS Technical Architect,28-11-2023,66482.56
409,Georgie,Bosher,7,GIS Technical Architect,16-07-2021,75696.74
410,Hercule,Bernolet,7,GIS Technical Architect,03-06-2022,72675.15
411,Dickie,Pepper,9,Graphic Designer,30-12-2023,60986.87
412,Marchall,Dobbings,9,Graphic Designer,10-10-2023,56363.45
413,Carce,Riha,9,Graphic Designer,19-09-2023,70419.62
414,Emlyn,Custy,9,Graphic Designer,18-11-2023,41481.59
415,Kin,Bryde,9,Graphic Designer,02-07-2024,68705.84
416,Clemens,Gally,9,Graphic Designer,01-07-2024,43537.68
417,Aldis,Bathow,9,Graphic Designer,27-05-2024,69894.23
418,Corry,Carwithen,9,Graphic Designer,28-07-2023,49918.41
419,Alfie,Kitchiner,9,Graphic Designer,18-10-2023,50828.83
420,Chrystel,Skellen,9,Graphic Designer,29-07-2023,72712.87
421,Harper,Scoble,9,Graphic Designer,14-09-2023,63817.99
422,Bernice,Stott,9,Graphic Designer,21-03-2024,51942.36
423,Sibbie,Pifford,9,Graphic Designer,11-02-2024,43103.77
424,Noak,Klass,9,Graphic Designer,28-12-2023,57761.71
425,Ange,Templeton,9,Graphic Designer,01-10-2023,72477.59
426,Sheelah,Lies,1,Health Coach I,12-03-2024,43642.81
427,Clemente,Gashion,1,Health Coach II,28-07-2023,75102.36
428,Corrie,Whiscard,1,Health Coach II,14-04-2024,53317.96
429,Mycah,Tullett,1,Health Coach III,16-07-2021,65393.07
430,Woodrow,Wain,1,Health Coach IV,27-07-2022,70703.6
431,Annemarie,Haskett,1,Health Coach IV,21-11-2021,53254.87
432,Dorice,Creek,1,Health Coach IV,24-09-2023,54619.23
433,Prinz,Wroughton,5,Help Desk Operator,04-07-2022,66491.35
434,Rachel,Blezard,5,Help Desk Operator,16-04-2021,67926.81
435,Muriel,Frankcombe,5,Help Desk Operator,26-12-2023,59175.77
436,Jacky,Dineen,5,Help Desk Operator,08-06-2024,41541.57
437,Bessy,Bhatia,5,Help Desk Operator,17-04-2024,70104.45
438,Albert,Standfield,5,Help Desk Operator,04-08-2023,56586.5
439,Vachel,Aust,5,Help Desk Technician,17-07-2023,76615.9
440,Julio,Lapish,5,Help Desk Technician,01-07-2024,59927.93
441,Romy,Crippen,5,Help Desk Technician,06-10-2023,69024.67
442,Brinn,Friend,5,Help Desk Technician,17-06-2024,65492.39
443,Bobbette,Krysztofowicz,5,Help Desk Technician,02-10-2023,68943.33
444,Jerrilyn,Dome,10,Human Resources Assistant I,29-06-2024,39825.44
445,Emeline,Buscher,10,Human Resources Assistant II,14-07-2023,43921
446,Jerrylee,Cotilard,10,Human Resources Assistant II,02-04-2024,45994.04
447,Clem,Halls,10,Human Resources Assistant III,08-05-2021,67133.56
448,Carolee,Epelett,10,Human Resources Assistant III,31-03-2020,69301.09
449,Red,Lyst,10,Human Resources Manager,02-10-2020,75285.68
450,Burnard,Ralton,10,Human Resources Manager,21-11-2023,51679.97
451,Templeton,Cloake,10,Human Resources Manager,03-07-2024,46550.51
452,Linus,Dentith,10,Human Resources Manager,16-03-2024,47300.58
453,Mark,Arnoult,10,Human Resources Manager,18-04-2021,70264.51
454,Ade,Graeme,10,Human Resources Manager,18-11-2022,75617.36
455,Otto,Renard,5,Information Systems Manager,09-12-2021,79347.39
456,Wally,Arrington,5,Information Systems Manager,11-06-2022,71659.75
457,Zelma,Rowsel,5,Information Systems Manager,10-11-2023,50032.23
458,Marylinda,Mylan,5,Information Systems Manager,25-07-2023,42404.33
459,Joela,McMychem,5,Information Systems Manager,31-05-2024,51937.24
460,Anderson,Minchin,5,Information Systems Manager,06-12-2023,62511.43
461,Juditha,Leak,5,Information Systems Manager,15-10-2023,64432.8
462,Jere,Whild,5,Information Systems Manager,14-05-2024,68969.94
463,Creigh,Brunon,5,Information Systems Manager,09-07-2024,79073.31
464,Teodorico,Killeen,5,Information Systems Manager,08-04-2024,72575.56
465,Reed,Massinger,8,Internal Auditor,01-11-2023,56451.17
466,Hannis,Low,8,Internal Auditor,05-07-2024,57157.22
467,Kathi,Decort,8,Internal Auditor,18-05-2024,55951.22
468,Uriel,Mullin,8,Internal Auditor,28-07-2023,78654.5
469,Gusti,La Wille,8,Internal Auditor,24-01-2024,49722.94
470,Benyamin,Bontine,8,Internal Auditor,03-10-2023,54393.59
471,Geoffry,Meader,8,Internal Auditor,09-11-2023,42568.22
472,Faulkner,Tippett,6,Junior Executive,12-03-2024,59806.62
473,Brig,Zellner,6,Junior Executive,04-03-2024,44976.78
474,Cosme,Ainslee,6,Junior Executive,18-05-2024,77941.71
475,Trace,Hammerberg,6,Junior Executive,07-01-2024,62524.51
476,Josephina,Burley,6,Junior Executive,01-10-2023,75457.12
477,Reamonn,Parmenter,6,Junior Executive,22-07-2023,61135.27
478,Kimbra,Leaton,6,Junior Executive,31-01-2024,71040.08
479,Adriaens,Norvill,6,Junior Executive,08-07-2024,60404.96
480,Ruby,Cano,6,Junior Executive,19-10-2023,54100.99
481,Nicoline,Jaqueminet,6,Junior Executive,27-01-2024,60617.33
482,Yolane,Petegrew,11,Legal Assistant,11-07-2023,77367.84
483,Royal,Bigglestone,11,Legal Assistant,16-01-2024,40530.49
484,Clemente,Cardinal,11,Legal Assistant,22-04-2024,50299.21
485,Royce,Rolley,11,Legal Assistant,24-10-2023,47617.35
486,Ulick,Gulleford,11,Legal Assistant,11-01-2024,78839.52
487,Cathlene,LLelweln,11,Legal Assistant,09-05-2024,55036.95
488,Richy,Serginson,11,Legal Assistant,06-01-2024,52830.64
489,Noah,Wybrow,11,Legal Assistant,13-10-2023,78222.77
490,Selig,Holbie,12,Librarian,09-10-2023,52903.53
491,Boone,Coleby,12,Librarian,06-03-2024,63955.62
492,Alexandre,McIlreavy,12,Librarian,18-05-2024,66299.51
493,Danni,Jeness,12,Librarian,24-02-2024,40786.29
494,Cornie,Letixier,12,Librarian,14-04-2024,67482.31
495,Clyde,Laycock,12,Librarian,16-06-2024,65954.79
496,Susy,Scrowson,12,Librarian,08-01-2024,67866.86
497,Aubert,Bennetts,12,Librarian,24-09-2023,75605.49
498,Billie,Izsak,12,Librarian,14-09-2023,60658.7
499,Venus,Thrustle,12,Librarian,11-10-2023,64518.93
500,Patric,Adie,12,Librarian,08-08-2023,48332.93
501,Eva,Favela,9,Marketing Assistant,16-06-2024,71043.33
502,Clarette,Giacomucci,9,Marketing Assistant,06-11-2023,54454.56
503,Joel,Luten,9,Marketing Assistant,09-09-2023,66419.49
504,Fee,Beglin,9,Marketing Assistant,31-03-2024,51369.52
505,Philis,Normanell,9,Marketing Assistant,09-08-2023,75627.69
506,Lola,Ateggart,9,Marketing Assistant,17-01-2024,44087.68
507,Simmonds,Oldfield-Cherry,9,Marketing Manager,29-04-2024,50913.27
508,Laurent,Tillyer,9,Marketing Manager,23-05-2024,79112.5
509,Ealasaid,Brockington,9,Marketing Manager,12-06-2024,78108.09
510,Prue,Pulfer,9,Marketing Manager,01-03-2024,63532.28
511,Carlota,Goodby,9,Marketing Manager,11-01-2024,66870.87
512,Basia,Iffe,9,Marketing Manager,13-03-2024,76167.21
513,Haily,Laurentino,9,Marketing Manager,22-04-2024,65643.85
514,Maura,Orum,9,Marketing Manager,15-07-2023,57472.59
515,Viki,Sharratt,9,Marketing Manager,11-07-2023,46910.67
516,Vivianne,Cubbon,7,Mechanical Systems Engineer,17-06-2024,72183.84
517,Sofia,Lansley,7,Mechanical Systems Engineer,11-04-2024,62437.64
518,Kessia,Madgin,7,Mechanical Systems Engineer,17-11-2023,64721.83
519,Ashlin,Pauncefoot,7,Mechanical Systems Engineer,21-07-2023,44952.33
520,Brook,Benes,7,Mechanical Systems Engineer,01-09-2023,75552.76
521,Margaret,Gallagher,7,Mechanical Systems Engineer,16-02-2024,69720.94
522,Nannette,Gooderidge,7,Mechanical Systems Engineer,01-02-2024,76812.32
523,Herbert,Cammoile,7,Mechanical Systems Engineer,03-07-2024,63414.13
524,Rufe,Geekie,7,Mechanical Systems Engineer,10-03-2024,57059.55
525,Simon,Spong,7,Mechanical Systems Engineer,24-11-2023,45015.19
526,Agathe,Stegel,7,Mechanical Systems Engineer,11-11-2023,77418.02
527,Symon,Pontin,7,Mechanical Systems Engineer,07-09-2023,49525.08
528,Orsola,Ravenscraft,15,Media Manager I,16-07-2023,72509.92
529,Elenore,Redemile,15,Media Manager I,05-03-2024,69891.45
530,Abelard,Dixcee,15,Media Manager I,23-04-2024,40215.81
531,Jessie,Naton,15,Media Manager II,25-03-2024,58427.67
532,Berthe,Wondraschek,15,Media Manager II,10-02-2024,40884.58
533,Sheff,Jacobovitch,15,Media Manager II,20-10-2023,42901.14
534,Merry,Bridgeland,15,Media Manager III,13-08-2023,74601.93
535,Simone,Roads,15,Media Manager III,22-05-2024,40644.06
536,Keary,Gritton,15,Media Manager IV,02-11-2023,46563.08
537,Abbye,Meachem,7,Nuclear Power Engineer,11-02-2024,64513.11
538,Claudine,Goggen,7,Nuclear Power Engineer,24-03-2024,46910.06
539,Jeanine,Shoebridge,7,Nuclear Power Engineer,22-03-2024,59021.2
540,Marquita,Abbotts,7,Nuclear Power Engineer,30-07-2023,57192.19
541,Elmira,Chasson,7,Nuclear Power Engineer,17-10-2023,69782.76
542,Merla,Fergusson,7,Nuclear Power Engineer,27-03-2024,54053.22
543,Athena,Merriman,7,Nuclear Power Engineer,08-09-2023,47304.54
544,Ailis,McInulty,1,Nurse,18-02-2024,55305.05
545,Hilliard,Gummery,1,Nurse,11-08-2023,52355.82
546,Finlay,Werendell,1,Nurse,31-05-2024,75928.38
547,Aidan,Ondrusek,1,Nurse,12-11-2023,46565.45
548,Blinny,Klemps,1,Nurse,11-01-2024,58467.61
549,Rickie,Shankle,1,Nurse Practicioner,13-12-2023,44878.08
550,Wilbert,Linner,1,Nurse Practicioner,01-07-2024,52470.12
551,Moyra,Verdon,1,Nurse Practicioner,11-01-2024,57049.14
552,Nikki,Ackers,1,Nurse Practicioner,20-07-2023,50961.16
553,April,Giral,1,Nurse Practicioner,29-12-2023,55224.88
554,Marys,Marzella,1,Nurse Practicioner,01-10-2023,70753.8
555,Cynthea,Tocqueville,1,Nurse Practicioner,10-10-2023,41137.11
556,Leslie,Bute,1,Nurse Practicioner,20-10-2023,71558.41
557,Sancho,Whittier,1,Nurse Practicioner,30-01-2024,64969.58
558,Zia,Dorkens,1,Nurse Practicioner,07-06-2024,77420.04
559,Kerwin,MacDonough,1,Occupational Therapist,03-10-2023,48339.94
560,Linn,Catling,1,Occupational Therapist,27-07-2023,46285.59
561,Gerard,Kay,1,Occupational Therapist,26-05-2024,68352.57
562,Teri,Alenikov,4,Office Assistant I,24-06-2024,60913.98
563,Diannne,Murrison,4,Office Assistant II,22-01-2024,71225.86
564,Salomo,Church,4,Office Assistant II,28-03-2024,56459.73
565,Antoinette,Egan,4,Office Assistant II,03-01-2024,78147.98
566,Cyndia,Cogar,4,Office Assistant II,22-03-2024,45769.37
567,Vinny,Mullins,4,Office Assistant III,27-05-2024,73583.49
568,Claudianus,Outright,4,Office Assistant III,10-04-2024,58555.44
569,Anet,Andriuzzi,4,Office Assistant III,24-08-2023,60950.47
570,Sonny,Niblo,4,Office Assistant IV,16-09-2023,70291.99
571,Katya,McEnery,4,Office Assistant IV,14-09-2023,69016.98
572,Jandy,Plowell,7,Operator,23-01-2024,72241.21
573,Delores,McInnes,7,Operator,10-11-2023,72417.89
574,Dolorita,Machin,7,Operator,20-03-2024,46282.21
575,Bear,Chander,7,Operator,11-12-2023,78128.95
576,Marybelle,Trotter,7,Operator,14-07-2023,70928.54
577,Adam,Creelman,11,Paralegal,14-04-2024,67900.42
578,Catlin,Lawie,11,Paralegal,17-07-2023,45756.53
579,Susanetta,Death,11,Paralegal,07-10-2023,72641.1
580,Tasia,Rangle,11,Paralegal,20-11-2023,51758.44
581,Angie,Arnson,11,Paralegal,15-07-2023,54687.64
582,Layla,McGirl,11,Paralegal,23-06-2024,65739.19
583,Sidonia,Glashby,11,Paralegal,05-10-2023,76148.83
584,Conrad,Paireman,4,Payment Adjustment Coordinator,27-08-2023,45137.23
585,Mitzi,Howman,4,Payment Adjustment Coordinator,10-12-2023,67810.66
586,Alain,Tebbitt,4,Payment Adjustment Coordinator,19-03-2024,57970.31
587,Rhea,Ogan,4,Payment Adjustment Coordinator,30-08-2023,68169.33
588,Avrit,Mandifield,4,Payment Adjustment Coordinator,13-11-2023,54223.02
589,Belita,Tregunnah,4,Payment Adjustment Coordinator,04-06-2024,49262.34
590,Ewan,Haymes,4,Payment Adjustment Coordinator,21-08-2023,62132.02
591,Tito,Ragot,4,Payment Adjustment Coordinator,03-10-2023,53570.68
592,Duke,Nurdin,4,Payment Adjustment Coordinator,18-11-2023,74825.11
593,Zsa zsa,Ottosen,4,Payment Adjustment Coordinator,17-04-2024,43459.57
594,Iolande,Chiles,1,Pharmacist,12-07-2023,56026.71
595,Helenelizabeth,Arrow,1,Pharmacist,05-09-2023,74028.21
596,Georgie,Sekulla,1,Pharmacist,12-06-2024,46796.12
597,Imogen,Roelvink,1,Pharmacist,29-10-2023,60462.76
598,Desiree,Whiteley,1,Pharmacist,13-05-2024,55068.7
599,Michaelina,Nurse,1,Pharmacist,20-05-2024,55471.05
600,Bax,Beet,1,Pharmacist,30-11-2023,77495.45
601,Selinda,Getten,1,Pharmacist,20-11-2023,46485.76
602,Hogan,Mickleburgh,1,Pharmacist,05-05-2024,73589.33
603,Harv,Cometto,1,Pharmacist,15-07-2023,75005.96
604,Brandais,Kleiser,1,Pharmacist,19-05-2024,48978.79
605,Huntington,Battelle,1,Pharmacist,31-03-2024,42572.96
606,Lin,Gerant,1,Pharmacist,07-01-2024,74521.04
607,Katerina,Pledge,1,Physical Therapy Assistant,24-02-2024,52603.35
608,Sephira,Frill,1,Physical Therapy Assistant,26-05-2024,62512.7
609,Norene,Dommerque,1,Physical Therapy Assistant,20-10-2023,76310.63
610,Ros,Elph,1,Physical Therapy Assistant,25-05-2024,43206.19
611,Eleni,Thornally,1,Physical Therapy Assistant,18-08-2023,43211.15
612,Binni,Hunt,1,Physical Therapy Assistant,06-11-2023,55430.64
613,Halley,Alexis,1,Physical Therapy Assistant,23-07-2023,61846.65
614,Frederico,Hasley,7,Product Engineer,18-08-2023,41860
615,Emory,Macguire,7,Product Engineer,12-06-2024,54472.03
616,Othilia,Lerner,7,Product Engineer,15-07-2023,58887.72
617,Orran,Harle,7,Product Engineer,12-05-2024,70130.77
618,Emylee,Deble,7,Product Engineer,21-02-2024,53279.14
619,Haleigh,Balke,7,Product Engineer,12-05-2024,42835.99
620,Dalila,Liles,7,Product Engineer,22-12-2023,52395.99
621,Waneta,Bretherton,7,Product Engineer,07-10-2023,40045.22
622,Hillary,Crewes,12,Professor,11-01-2024,71676.1
623,Billy,Spier,12,Professor,27-05-2024,58749.58
624,Cherianne,Radwell,12,Professor,09-10-2023,68368.35
625,Doralin,Ibeson,12,Professor,12-06-2024,74213.46
626,Alfie,Hesser,12,Professor,22-06-2024,77331.74
627,Giselbert,Pilipets,5,Programmer Analyst I,30-06-2024,60659.5
628,Mannie,Taffe,5,Programmer Analyst I,04-05-2024,58418.01
629,Dunstan,Casier,5,Programmer Analyst II,19-05-2024,68341.27
630,Valentia,Rapin,5,Programmer Analyst II,11-11-2023,41346.21
631,Tremaine,Twigge,5,Programmer Analyst III,24-10-2023,43483.14
632,Halsey,Anglim,5,Programmer Analyst III,27-06-2024,56096.7
633,Grove,Welford,5,Programmer Analyst III,26-12-2023,52684.69
634,Adora,Walewski,5,Programmer Analyst IV,15-11-2023,45895.96
635,Lynett,Paunton,5,Programmer I,23-02-2024,67866.34
636,Elaine,Maleham,5,Programmer I,13-04-2024,54991.11
637,Emmet,Gras,5,Programmer II,06-12-2023,75281.9
638,Robyn,Balston,5,Programmer II,17-02-2024,57213.57
639,Farica,Helm,5,Programmer II,11-03-2024,73403.51
640,Leia,Bau,5,Programmer III,25-03-2024,48063.39
641,Beck,Stow,5,Programmer III,15-09-2023,70713.21
642,Lara,McGeaney,5,Programmer III,12-03-2024,79725.71
643,Erv,Lynd,5,Programmer III,01-11-2023,52069.58
644,Kalinda,Yanukhin,5,Programmer IV,01-01-2024,47284.17
645,Tabitha,Joan,6,Project Manager,12-03-2024,79230.61
646,Georgetta,Oldnall,6,Project Manager,26-04-2024,51311.12
647,Davide,Crease,6,Project Manager,04-02-2024,45265.25
648,Lorraine,Millin,14,Quality Control Specialist,15-02-2024,62708.68
649,Lane,Dubery,14,Quality Control Specialist,06-07-2024,68097.07
650,Jocelin,Hudd,14,Quality Control Specialist,09-04-2024,53438.12
651,Vince,Philippet,14,Quality Control Specialist,14-12-2023,77928.92
652,Wrennie,Feely,14,Quality Control Specialist,30-08-2023,41835.93
653,Tanya,Gockelen,14,Quality Control Specialist,03-05-2024,77871.65
654,Maynord,Shanks,14,Quality Control Specialist,25-08-2023,49002.46
655,Alford,Kubista,14,Quality Control Specialist,06-02-2024,49981.35
656,Constancy,Suggett,14,Quality Control Specialist,07-08-2023,40720.84
657,Fenelia,Coase,14,Quality Engineer,04-01-2024,79909.46
658,Leena,Twentyman,14,Quality Engineer,07-08-2023,49450.7
659,Annnora,Dunford,14,Quality Engineer,05-09-2023,74001.97
660,Culley,Claesens,14,Quality Engineer,26-03-2024,43617.15
661,Elinor,Peck,10,Recruiter,19-08-2023,53785.35
662,Kanya,Henzer,10,Recruiter,27-02-2024,41111.03
663,Dreddy,Tuite,10,Recruiter,05-01-2024,52200.6
664,Anica,Devonside,10,Recruiter,24-07-2023,53734.81
665,Wendie,Hamments,10,Recruiter,14-08-2023,50102.89
666,Maryrose,Gegay,10,Recruiter,01-06-2024,60923.06
667,Yancy,Goldman,10,Recruiting Manager,05-09-2023,60826.98
668,Shela,Stanett,10,Recruiting Manager,17-02-2024,79557.22
669,Brady,Koppeck,10,Recruiting Manager,02-10-2023,51741.65
670,Jordan,MacCart,10,Recruiting Manager,10-07-2023,49658.65
671,Lida,Fellona,10,Recruiting Manager,11-02-2024,56128.16
672,Benetta,Faley,10,Recruiting Manager,15-04-2024,77444.49
673,Marion,Rolfi,10,Recruiting Manager,02-02-2024,40528.93
674,Katya,Dunaway,1,Registered Nurse,21-11-2023,71973.4
675,Zelig,Gibbon,1,Registered Nurse,22-12-2023,58395.01
676,Freddie,Lombard,1,Registered Nurse,15-07-2023,73076.43
677,Riva,Ffoulkes,1,Registered Nurse,05-11-2023,73730.18
678,Beau,Kelleway,1,Registered Nurse,12-06-2024,43224.94
679,Gav,Janauschek,1,Registered Nurse,02-04-2024,53936.12
680,Siegfried,Marquot,13,Research Assistant I,19-04-2024,51012.26
681,Ruthe,Willwood,13,Research Assistant I,12-01-2024,50353.45
682,Kriste,Nanuccioi,13,Research Assistant I,27-10-2023,49020.84
683,Filide,Lengthorn,13,Research Assistant IV,20-05-2024,70338.64
684,Wilma,MacGowing,13,Research Assistant IV,16-08-2023,51951.26
685,Karisa,Dybell,13,Research Assistant IV,19-02-2024,45995.27
686,Yuri,Artingstall,13,Research Associate,11-05-2024,63504.81
687,Ettore,Rowen,13,Research Associate,29-06-2024,48591.25
688,Halsy,Caston,13,Research Associate,13-09-2023,46906.38
689,Andre,Ambler,13,Research Associate,26-03-2024,77130.64
690,Adelheid,Oak,13,Research Associate,22-09-2023,58365.05
691,Gloria,Bernardoux,13,Research Associate,16-05-2024,42584.59
692,Gayla,Warlawe,13,Research Associate,14-12-2023,70749.1
693,Cherlyn,Trayte,13,Research Associate,12-10-2023,52370.41
694,Sheilah,Duiguid,13,Research Nurse,01-10-2023,72320.51
695,Krysta,Candwell,13,Research Nurse,05-10-2023,69286.64
696,Moshe,Schroter,13,Research Nurse,22-09-2023,67063.43
697,Melony,Trustey,13,Research Nurse,13-06-2024,65461.62
698,Nessa,Ebanks,13,Research Nurse,21-06-2024,64835.18
699,Celinda,Forster,13,Research Nurse,05-12-2023,67929.95
700,Shawnee,Ickowicz,13,Research Nurse,17-07-2023,42851.71
701,Olly,Stiegers,13,Research Nurse,02-05-2024,71712.76
702,Jolyn,McClymond,13,Research Nurse,02-01-2024,57691.17
703,Karna,Buckley,13,Research Nurse,02-08-2023,79214.62
704,Kaile,Burner,14,Safety Technician I,11-06-2024,54010.04
705,Felizio,Sarle,14,Safety Technician I,31-12-2023,75328.84
706,Yule,Blethin,14,Safety Technician II,18-01-2024,76380.92
707,Maiga,Staner,14,Safety Technician II,07-09-2023,67558.6
708,Bud,Ollett,14,Safety Technician II,12-05-2024,49623.71
709,Joline,Freke,14,Safety Technician II,27-05-2024,67536.72
710,Aleda,Broschek,14,Safety Technician III,28-10-2023,48357.65
711,Viviene,Parradice,14,Safety Technician III,28-04-2024,57275.39
712,Paco,Cavie,3,Sales Associate,30-07-2023,53747.28
713,Annadiana,Rayne,3,Sales Associate,08-01-2024,79664.53
714,Harland,Bulteel,3,Sales Associate,16-06-2024,74539.7
715,Jennifer,Gibbon,3,Sales Associate,15-03-2024,69249.5
716,Ardelle,Sweating,3,Sales Associate,30-10-2023,70972.22
717,Violette,Currom,3,Sales Representative,04-05-2024,54212.79
718,Klara,Harrisson,3,Sales Representative,04-11-2023,42116.08
719,Ansell,Gravatt,3,Sales Representative,27-07-2023,47633.22
720,Hobie,Castlake,3,Sales Representative,10-06-2024,74664.24
721,Shandee,Christin,3,Sales Representative,22-11-2023,66344.14
722,Frederico,Kerwood,3,Sales Representative,16-07-2023,76848.36
723,Conney,Covely,3,Sales Representative,13-12-2023,70580.37
724,Edgar,Macro,3,Sales Representative,07-01-2024,43619.38
725,Lucio,Tassell,3,Sales Representative,03-07-2024,77125.89
726,Katine,Hadwen,8,Senior Cost Accountant,25-12-2023,52270.31
727,Cathee,Gayne,8,Senior Cost Accountant,04-03-2024,59049.9
728,Dareen,Tingley,8,Senior Cost Accountant,21-01-2024,67622.56
729,Packston,Ousby,8,Senior Cost Accountant,24-11-2023,60365.09
730,Richmond,Comport,8,Senior Cost Accountant,27-11-2023,44934.1
731,Merwyn,Beyer,8,Senior Cost Accountant,21-10-2023,75784.75
732,Ramona,Lundon,8,Senior Cost Accountant,17-06-2024,51615.55
733,Verile,Stolberg,8,Senior Cost Accountant,01-10-2023,61101.12
734,Tamara,Marklow,8,Senior Cost Accountant,08-12-2023,73837.24
735,Monika,MacCook,8,Senior Cost Accountant,21-04-2024,45727.54
736,Egan,Walbridge,8,Senior Cost Accountant,28-04-2024,43806.4
737,Kippie,Ascraft,8,Senior Cost Accountant,30-07-2023,78975.14
738,Cory,Laden,8,Senior Cost Accountant,23-08-2023,53241.08
739,Charmian,Krier,8,Senior Cost Accountant,05-04-2024,42801.31
740,Josephina,Cudworth,7,Senior Developer,12-09-2023,43798.11
741,Thomasina,Claybourn,7,Senior Developer,01-11-2023,66463.51
742,Moe,Solleme,7,Senior Developer,03-04-2024,51484.88
743,Efrem,Roeby,7,Senior Developer,23-06-2024,53497.94
744,Floris,Galliford,7,Senior Developer,09-04-2024,51309.59
745,Janelle,Goodwell,7,Senior Developer,06-12-2023,71905.13
746,Casie,Syred,7,Senior Developer,10-09-2023,64264.11
747,Cheryl,Possell,7,Senior Developer,18-02-2024,51554.66
748,Lynelle,Rotte,7,Senior Developer,29-09-2023,55925.39
749,Lyndsie,Flay,7,Senior Developer,07-05-2024,75943.5
750,Sheilah,Parmenter,15,Senior Editor,02-05-2024,42531.48
751,Germain,Arkle,15,Senior Editor,13-10-2023,45748.95
752,Sky,O' Lone,15,Senior Editor,24-11-2023,76650.82
753,Derick,Chippin,15,Senior Editor,26-10-2023,51026.78
754,Marylou,Starmore,15,Senior Editor,12-04-2024,47950.77
755,Napoleon,Braithwaite,15,Senior Editor,06-03-2024,57386.72
756,Moise,Bridell,15,Senior Editor,01-07-2024,64304.31
757,Nataline,Eglaise,15,Senior Editor,14-08-2023,68091.89
758,Hagan,Lawday,8,Senior Financial Analyst,17-10-2023,50375.22
759,La verne,Burgiss,8,Senior Financial Analyst,21-01-2024,43658.7
760,Nerti,Cribbott,8,Senior Financial Analyst,25-02-2024,55073.59
761,Lennie,Torre,8,Senior Financial Analyst,26-11-2023,53114.7
762,Pearline,MacLardie,8,Senior Financial Analyst,11-02-2024,55333.62
763,Hildy,Ranscombe,8,Senior Financial Analyst,19-09-2023,40806.24
764,Winn,Carbonell,8,Senior Financial Analyst,20-10-2023,60831.46
765,Charlean,Robion,8,Senior Financial Analyst,29-01-2024,41860.18
766,Slade,Aikin,8,Senior Financial Analyst,30-10-2023,70919.14
767,Diandra,Oade,8,Senior Financial Analyst,01-03-2024,62153.01
768,Minnnie,Marians,8,Senior Financial Analyst,08-04-2024,75336.3
769,Adolf,Pascow,8,Senior Financial Analyst,05-11-2023,49829.97
770,Cayla,Pinchon,14,Senior Quality Engineer,27-06-2024,59853.37
771,Owen,Stolberg,14,Senior Quality Engineer,05-10-2023,55171.97
772,Winnifred,Mayer,14,Senior Quality Engineer,21-06-2024,54765.95
773,De,Pacquet,14,Senior Quality Engineer,14-08-2023,56069.35
774,Zsa zsa,Giorgiutti,14,Senior Quality Engineer,14-10-2023,45616.17
775,Norrie,Derobert,14,Senior Quality Engineer,30-08-2023,44044.92
776,Larine,Archley,14,Senior Quality Engineer,22-02-2024,52063.25
777,Siouxie,Bolens,14,Senior Quality Engineer,29-03-2024,41399.94
778,Eugenie,Burwin,14,Senior Quality Engineer,06-07-2024,61773.33
779,Stevy,Turneux,14,Senior Quality Engineer,15-10-2023,53705.75
780,Hannis,Isaaksohn,14,Senior Quality Engineer,04-10-2023,59709.5
781,Mariel,Crooke,14,Senior Quality Engineer,19-12-2023,64928.1
782,Sapphire,Greening,14,Senior Quality Engineer,22-08-2023,65580.44
783,Heddie,Jandak,14,Senior Quality Engineer,02-11-2023,71940.11
784,Glennis,Rihosek,14,Senior Quality Engineer,12-11-2023,40991.18
785,Ashley,Ickovits,14,Senior Quality Engineer,14-07-2023,42720.86
786,Levey,Dmitrienko,14,Senior Quality Engineer,05-12-2023,47693.1
787,Mead,Leaney,3,Senior Sales Associate,02-09-2023,47585.3
788,Emlyn,Dict,3,Senior Sales Associate,15-12-2023,71939.57
789,Miner,Grishaev,3,Senior Sales Associate,25-02-2024,48340.39
790,Vallie,Webby,3,Senior Sales Associate,19-03-2024,63304.38
791,Pearline,Morican,3,Senior Sales Associate,22-08-2023,65586.34
792,Terrill,Sabberton,3,Senior Sales Associate,15-04-2024,66482.56
793,Dena,Locker,3,Senior Sales Associate,11-07-2023,53277.83
794,Rhoda,Miquelet,3,Senior Sales Associate,11-10-2023,75538.4
795,Cobbie,Korneichik,3,Senior Sales Associate,25-06-2024,41302.03
796,Kerri,Patifield,1,Social Worker,20-10-2023,77502.45
797,Kore,Canape,1,Social Worker,23-03-2024,79152.87
798,Delmor,Audritt,1,Social Worker,25-10-2023,73856.65
799,Ari,Hembling,1,Social Worker,20-11-2023,45468.22
800,Eilis,Goldstone,1,Social Worker,03-12-2023,66246.74
801,Leola,Leppo,1,Social Worker,01-05-2024,69241.21
802,Kerwinn,Stratz,1,Social Worker,23-01-2024,51765.34
803,Whitney,Potzold,5,Software Consultant,25-02-2024,69354.05
804,Abie,Wildblood,5,Software Consultant,13-10-2023,46994.4
805,Trix,Northleigh,5,Software Consultant,16-11-2023,57591.3
806,Tina,Woodhouse,5,Software Consultant,24-12-2023,72505.08
807,Kirstin,Peak,5,Software Consultant,01-05-2024,75513.22
808,Ada,Pudden,5,Software Consultant,29-06-2024,65100.14
809,Sean,Masson,5,Software Consultant,13-10-2023,68427.98
810,Marianne,Errigo,5,Software Consultant,05-05-2024,46484.48
811,Hayden,Harcase,5,Software Consultant,04-04-2024,76302.2
812,Joni,Janek,5,Software Consultant,27-12-2023,42915.05
813,Galvin,Kunzelmann,5,Software Consultant,14-09-2023,69990.28
814,Benita,Bridgnell,5,Software Consultant,04-07-2024,40732.02
815,Sigfried,Rene,7,Software Engineer I,07-12-2023,61385.34
816,Joel,MacKall,7,Software Engineer II,01-01-2024,40000.88
817,Shir,Smieton,7,Software Engineer II,14-11-2023,49554.49
818,Hillard,Chipps,7,Software Engineer II,23-11-2023,68182.86
819,Sigismund,Wimbury,7,Software Engineer III,02-09-2023,78206.14
820,Mariya,Gowdy,7,Software Engineer III,28-03-2024,54494.22
821,Morten,Kennan,7,Software Engineer III,03-04-2024,48526.06
822,Willard,Hucknall,7,Software Engineer IV,12-12-2023,72999.55
823,Aldis,Millier,7,Software Engineer IV,02-08-2023,44137.69
824,Minna,Ilyinykh,7,Software Engineer IV,23-09-2023,51963.98
825,Bennie,Lesor,5,Software Test Engineer I,26-10-2023,75301.93
826,Joella,Minet,5,Software Test Engineer I,17-06-2024,55975.05
827,Catlee,Winkle,5,Software Test Engineer II,30-07-2023,41531.85
828,Clarita,Pervew,5,Software Test Engineer III,06-07-2024,64832.92
829,Jodie,Varden,5,Software Test Engineer III,19-12-2023,70652.78
830,Kimberlyn,Velte,5,Software Test Engineer III,24-11-2023,42645.93
831,Fletcher,Teas,5,Software Test Engineer III,27-02-2024,56468.02
832,Lexine,Foot,5,Software Test Engineer III,17-12-2023,69699.18
833,Berny,Athersmith,5,Software Test Engineer IV,19-02-2024,67659.36
834,Zandra,Heathcott,5,Software Test Engineer IV,19-05-2024,69542.39
835,Malchy,Duckitt,1,Speech Pathologist,05-04-2024,60825.55
836,Bobbie,Coggill,1,Speech Pathologist,19-01-2024,58489.8
837,Gian,Campany,1,Speech Pathologist,28-11-2023,73333.29
838,Stanton,Dufton,1,Speech Pathologist,12-03-2024,78904.74
839,Benedikta,Raggles,1,Speech Pathologist,15-06-2024,54358.9
840,Ediva,McSkeagan,1,Speech Pathologist,18-05-2024,49349.88
841,Sergent,Copp,1,Speech Pathologist,09-07-2024,54515.02
842,Stuart,Posnett,1,Speech Pathologist,25-10-2023,45365.72
843,Laurene,Becker,1,Speech Pathologist,07-02-2024,73572.69
844,Tierney,Durham,8,Staff Accountant II,17-05-2024,52305.99
845,Tiffany,Keppel,8,Staff Accountant II,09-10-2023,45681.39
846,Pearle,Sheldrake,8,Staff Accountant IV,13-06-2024,41037.8
847,Berne,Eadmeades,8,Staff Accountant IV,11-11-2023,72284.5
848,Bernetta,Rottcher,8,Staff Accountant IV,07-04-2024,58834.26
849,Eamon,Longhorne,13,Staff Scientist,23-05-2024,55956.31
850,Clarissa,Cheetham,13,Staff Scientist,22-06-2024,55930.22
851,Dalia,Trump,13,Staff Scientist,20-03-2024,75128.66
852,Norrie,Dumbelton,13,Staff Scientist,10-02-2024,59927.14
853,Jarvis,Stentiford,13,Staff Scientist,13-09-2023,58311.67
854,Tori,Gonzalez,13,Staff Scientist,23-10-2023,46950.28
855,Humfrey,Bonanno,13,Staff Scientist,30-05-2024,62328.95
856,Jocelin,Matussow,2,Statistician I,22-06-2024,61951.93
857,Lammond,Demetr,2,Statistician I,01-12-2023,77136.39
858,Say,Twinborough,2,Statistician I,03-06-2024,67392.27
859,Jamima,Finnie,2,Statistician I,04-02-2024,70050.11
860,Ula,Rippon,2,Statistician I,01-10-2023,79471.72
861,Artemus,Mufford,2,Statistician II,13-02-2024,51329.64
862,Tawnya,Sibley,2,Statistician II,09-04-2024,44373.09
863,Jocelyne,Reucastle,2,Statistician III,30-08-2023,59472.73
864,Em,Kiff,2,Statistician III,19-06-2024,44465.14
865,Richardo,Fairhurst,2,Statistician III,31-08-2023,65952.17
866,Andriette,Hendrick,2,Statistician III,14-08-2023,76867.69
867,Sharai,Vayne,2,Statistician III,07-10-2023,61620.53
868,Archaimbaud,Booty,2,Statistician IV,08-04-2024,64076.82
869,Kurtis,Axworthy,2,Statistician IV,12-09-2023,67284.48
870,Madalyn,Janew,2,Statistician IV,29-07-2023,54562.89
871,Lancelot,Maraga,2,Statistician IV,09-09-2023,61823.07
872,Jeanie,Seczyk,2,Statistician IV,16-10-2023,44478.28
873,Marcelle,Friatt,2,Statistician IV,03-09-2023,79881.5
874,Sheba,Vel,7,Structural Analysis Engineer,05-01-2024,40098.61
875,Leila,Kolakowski,7,Structural Analysis Engineer,22-09-2023,61188.53
876,Earl,Belfelt,7,Structural Analysis Engineer,19-05-2024,62479.67
877,Elbertina,Mews,7,Structural Analysis Engineer,10-09-2023,57084.09
878,Raimondo,Mechi,7,Structural Analysis Engineer,26-12-2023,79259.31
879,Jilli,Barok,7,Structural Analysis Engineer,07-12-2023,48540.01
880,Clareta,Lowen,7,Structural Analysis Engineer,01-04-2024,57844.78
881,Lotta,Nussey,7,Structural Analysis Engineer,29-02-2024,78004.54
882,Giovanna,Baynes,7,Structural Analysis Engineer,29-11-2023,64510.13
883,Tessy,Stud,7,Structural Analysis Engineer,05-01-2024,76254.71
884,Briny,Terrington,7,Structural Analysis Engineer,21-03-2024,67307.03
885,Tabatha,Nary,7,Structural Analysis Engineer,02-05-2024,41431.2
886,Tabbitha,O'Feeny,7,Structural Analysis Engineer,07-10-2023,63110.32
887,Bernete,Nicholson,7,Structural Engineer,30-05-2024,46058.49
888,Melli,Laven,7,Structural Engineer,18-08-2023,73958.69
889,Norah,Ferrettino,7,Structural Engineer,31-08-2023,59397.4
890,Karoly,Avard,7,Structural Engineer,03-05-2024,67981.94
891,Marlane,Oman,7,Structural Engineer,29-06-2024,61517.83
892,Celestia,Margetson,7,Structural Engineer,04-06-2024,58342.79
893,Melisent,Bligh,7,Structural Engineer,26-03-2024,50847.6
894,Melita,Pickton,7,Structural Engineer,02-12-2023,63052
895,Cristy,Wyse,7,Structural Engineer,09-07-2024,60687.66
896,Daphne,Scintsbury,7,Structural Engineer,02-01-2024,50411.34
897,Banky,Vasilkov,7,Structural Engineer,31-08-2023,55045.34
898,Ida,Skepper,7,Structural Engineer,27-12-2023,71730.88
899,Giacinta,Masson,7,Structural Engineer,06-02-2024,62893.59
900,Camey,Kremer,7,Structural Engineer,14-02-2024,43939.88
901,Benedick,De Metz,4,Systems Administrator I,02-06-2024,77991.71
902,Crichton,Galbreath,4,Systems Administrator I,17-01-2024,73400.91
903,Clare,Lardeux,4,Systems Administrator I,01-09-2023,53556.3
904,Kinsley,Palliser,4,Systems Administrator II,19-04-2024,52598.5
905,Lauri,Claiden,4,Systems Administrator III,24-05-2024,55664.79
906,Tannie,Dunmore,4,Systems Administrator III,07-08-2023,63863.57
907,Cosette,Upchurch,8,Tax Accountant,24-04-2024,46370.3
908,Chantalle,Haddleton,8,Tax Accountant,23-08-2023,70670.18
909,Laverna,Kelso,8,Tax Accountant,14-02-2024,49654.56
910,Florry,Hebden,8,Tax Accountant,10-04-2024,57238.69
911,Dominique,Giovannini,8,Tax Accountant,27-11-2023,51326.35
912,Gabbie,Syphus,8,Tax Accountant,13-09-2023,58558.46
913,Odelia,Trorey,8,Tax Accountant,29-08-2023,75244
914,Ophelia,Hooke,8,Tax Accountant,27-08-2023,55857.62
915,Ramon,Buie,8,Tax Accountant,25-01-2024,53787.2
916,Nesta,Voyce,12,Teacher,20-10-2023,75909.37
917,Darrelle,Medling,12,Teacher,10-09-2023,59453.52
918,Kerry,Odlin,12,Teacher,09-12-2023,55920.46
919,Darbie,Vokins,12,Teacher,25-10-2023,62367.83
920,Pier,Velareal,12,Teacher,12-05-2024,59058.39
921,Agnola,Leppo,12,Teacher,19-09-2023,65839.5
922,Minerva,Garbutt,12,Teacher,29-07-2023,65215.42
923,Channa,Syrie,12,Teacher,26-07-2023,70895.81
924,Cornie,Sallowaye,4,Technical Writer,04-06-2024,70429.73
925,Yetta,Carruth,4,Technical Writer,30-05-2024,46817.73
926,Karola,Druhan,4,Technical Writer,04-06-2024,45030.14
927,Abraham,Darwin,4,Technical Writer,01-06-2024,44783.67
928,Kimbra,Walsh,4,Technical Writer,03-11-2023,60328.58
929,Thea,Howland,4,Technical Writer,16-11-2023,67644.15
930,Marissa,Norsworthy,4,Technical Writer,25-02-2024,71338.81
931,Dori,Dovydenas,4,Technical Writer,13-05-2024,60358.93
932,Ashely,Duddin,4,Technical Writer,05-02-2024,63492.98
933,Gussi,McGrady,3,VP Accounting,26-05-2015,40308.31
934,Clyve,Martygin,3,VP Accounting,08-06-2016,50267.33
935,Steffi,Adrianello,3,VP Accounting,03-03-2015,77205.96
936,Ambrosi,Filipic,3,VP Accounting,14-05-2016,63717.03
937,Marie-jeanne,Golsthorp,3,VP Accounting,08-06-2017,43642.27
938,Annabella,Royall,3,VP Accounting,03-12-2018,63510.95
939,Roselin,Beney,3,VP Accounting,29-08-2017,77705.88
940,Annabell,Rowthorne,3,VP Accounting,25-09-2018,56282.41
941,Kelley,Dand,3,VP Accounting,07-08-2016,65096.81
942,Nicole,de Merida,3,VP Accounting,12-06-2019,66938.25
943,Winnah,Izkoveski,3,VP Accounting,14-12-2019,67645.46
944,Rianon,Kelk,9,VP Marketing,26-01-2016,43927.01
945,Lynsey,Marrion,9,VP Marketing,24-08-2017,49464.7
946,Karlens,Berringer,9,VP Marketing,22-01-2018,69168
947,Danika,Hallbord,9,VP Marketing,04-04-2019,74399.58
948,Coleman,Bellhouse,9,VP Marketing,30-01-2020,63175.9
949,Roxy,Karslake,9,VP Marketing,12-04-2016,66345.97
950,Ortensia,O'Cridigan,9,VP Marketing,12-01-2019,62048.99
951,Sherye,Riepl,9,VP Marketing,08-11-2020,62126.76
952,Josy,Casseldine,6,VP Product Management,23-02-2020,47199.75
953,Suzie,Ridgwell,6,VP Product Management,16-11-2019,53637.53
954,Willey,Fettis,6,VP Product Management,15-02-2015,72820.64
955,Ardeen,Dono,6,VP Product Management,18-09-2017,73462.81
956,Ettie,Gytesham,6,VP Product Management,19-03-2016,54090.85
957,Pavia,Anfonsi,6,VP Product Management,07-02-2019,61100.37
958,Chastity,Grahlman,6,VP Product Management,15-07-2020,65331.64
959,Vittorio,Roscher,6,VP Product Management,14-06-2015,48159.85
960,Piotr,Covert,6,VP Product Management,04-07-2019,46246.77
961,Geoffry,Attenburrow,14,VP Quality Control,02-08-2020,41175.7
962,Ellery,Leedal,14,VP Quality Control,22-12-2019,62756.63
963,Dar,Purves,14,VP Quality Control,05-02-2018,72072.11
964,Albie,Ottery,14,VP Quality Control,11-03-2017,46765.98
965,Dame,Kyncl,14,VP Quality Control,15-06-2016,73708.07
966,Maudie,South,14,VP Quality Control,21-06-2015,62352.39
967,Daria,Belli,14,VP Quality Control,06-05-2016,74370.76
968,Merry,Cockill,14,VP Quality Control,01-11-2017,41387.26
969,Beryl,Libreros,3,VP Sales,20-12-2018,52700.14
970,Abbe,Biesty,3,VP Sales,11-10-2019,44558.61
971,Dunstan,Lovett,3,VP Sales,20-01-2020,60571.03
972,Debbie,Rickett,3,VP Sales,31-08-2019,57621.5
973,Marie,Shipston,3,VP Sales,13-06-2018,69144.97
974,Sholom,Bencher,3,VP Sales,12-12-2017,54045.73
975,Sioux,Simeons,3,VP Sales,30-04-2016,47105.8
976,Hewe,Hutchens,3,VP Sales,24-08-2015,65823.42
977,Isabeau,Duckering,3,VP Sales,10-09-2016,70214.45
978,Maurise,McCurrie,3,VP Sales,18-08-2017,77002.65
979,Kasey,Gloster,3,VP Sales,25-04-2018,76615.44
980,Lin,Strother,3,VP Sales,14-03-2019,47188.59
981,Maddy,Handlin,3,VP Sales,02-02-2020,49567.52
982,Carmelia,Wield,3,VP Sales,18-03-2018,61976.89
983,Gabriello,Sutter,15,Web Designer I,07-07-2024,54441.58
984,Zared,Sporgeon,15,Web Designer I,17-12-2023,49013.59
985,Johnathan,Tilliards,15,Web Designer II,01-09-2023,48300.67
986,Ashbey,Baudesson,15,Web Designer IV,12-04-2024,63396.76
987,Gusti,Berks,5,Web Developer I,07-10-2023,59812.16
988,Barny,Meredith,5,Web Developer I,17-06-2024,64196.95
989,Marjy,Gavriel,5,Web Developer I,06-12-2023,56168.41
990,Jonah,Galloway,5,Web Developer I,13-08-2023,55809.28
991,Alene,Tranfield,5,Web Developer II,03-06-2024,41925.63
992,Lilyan,Rafferty,5,Web Developer II,27-01-2024,52797.64
993,Daisi,Alp,5,Web Developer III,11-11-2023,67919.53
994,Leona,Iron,5,Web Developer III,17-09-2023,78194.25
995,Etti,Figliovanni,5,Web Developer III,13-07-2023,74362.5
996,Monah,Hullett,5,Web Developer III,08-09-2023,47422.91
997,Dolores,Skerman,5,Web Developer III,25-06-2024,42037.64
998,Nancee,Crevy,5,Web Developer IV,16-04-2024,64947.91
999,Kirbie,McKillop,5,Web Developer IV,12-08-2023,41966.62
1000,Morgan,Harwood,5,Web Developer IV,30-12-2023,44019.82
