review_id,employee_id,review_date,reviewer,score,comments
1,1,01-01-2024,Manager,2,Bad Performance
2,2,01-01-2024,Manager,3,Satisfactory performance
3,3,01-01-2024,Manager,4,Good performance
4,4,01-01-2024,Manager,5,Outstanding performance
5,5,01-01-2024,Manager,1,Unsatisfactory performance
6,6,01-01-2024,Manager,2,Needs Improvement
7,7,01-01-2024,Manager,3,Meets Expectations
8,8,01-01-2024,Manager,4,Exceeds Expectations
9,9,01-01-2024,Manager,5,Excellent performance
10,10,01-01-2024,Manager,1,Very bad performance
11,11,01-01-2024,Manager,2,Bad Performance
12,12,01-01-2024,Manager,3,Satisfactory performance
13,13,01-01-2024,Manager,5,Outstanding performance
14,14,01-01-2024,Manager,2,Needs Improvement
15,15,01-01-2024,Manager,4,Exceeds Expectations
16,16,01-01-2024,Manager,1,Very bad performance
17,17,01-01-2024,Manager,3,Satisfactory performance
18,18,01-01-2024,Manager,5,Outstanding performance
19,19,01-01-2024,Manager,2,Needs Improvement
20,20,01-01-2024,Manager,4,Exceeds Expectations
21,21,01-01-2024,Manager,1,Very bad performance
22,22,01-01-2024,Manager,3,Satisfactory performance
23,23,01-01-2024,Manager,5,Outstanding performance
24,24,01-01-2024,Manager,2,Needs Improvement
25,25,01-01-2024,Manager,4,Exceeds Expectations
26,26,01-01-2024,Manager,1,Very bad performance
27,27,01-01-2024,Manager,3,Satisfactory performance
28,28,01-01-2024,Manager,4,Good performance
29,29,01-01-2024,Manager,5,Outstanding performance
30,30,01-01-2024,Manager,1,Unsatisfactory performance
31,31,01-01-2024,Manager,2,Needs Improvement
32,32,01-01-2024,Manager,3,Meets Expectations
33,33,01-01-2024,Manager,4,Exceeds Expectations
34,34,01-01-2024,Manager,5,Excellent performance
35,35,01-01-2024,Manager,1,Very bad performance
36,36,01-01-2024,Manager,2,Bad Performance
37,37,01-01-2024,Manager,3,Satisfactory performance
38,38,01-01-2024,Manager,4,Good performance
39,39,01-01-2024,Manager,1,Unsatisfactory performance
40,40,01-01-2024,Manager,3,Meets Expectations
41,41,01-01-2024,Manager,5,Excellent performance
42,42,01-01-2024,Manager,2,Bad Performance
43,43,01-01-2024,Manager,4,Good performance
44,44,01-01-2024,Manager,1,Unsatisfactory performance
45,45,01-01-2024,Manager,3,Meets Expectations
46,46,01-01-2024,Manager,5,Excellent performance
47,47,01-01-2024,Manager,2,Bad Performance
48,48,01-01-2024,Manager,4,Good performance
49,49,01-01-2024,Manager,1,Unsatisfactory performance
50,50,01-01-2024,Manager,3,Meets Expectations
51,51,01-01-2024,Manager,5,Excellent performance
52,52,01-01-2024,Manager,2,Bad Performance
53,53,01-01-2024,Manager,4,Good performance
54,54,01-01-2024,Manager,5,Outstanding performance
55,55,01-01-2024,Manager,1,Unsatisfactory performance
56,56,01-01-2024,Manager,2,Needs Improvement
57,57,01-01-2024,Manager,3,Meets Expectations
58,58,01-01-2024,Manager,4,Exceeds Expectations
59,59,01-01-2024,Manager,5,Excellent performance
60,60,01-01-2024,Manager,1,Very bad performance
61,61,01-01-2024,Manager,2,Bad Performance
62,62,01-01-2024,Manager,3,Satisfactory performance
63,63,01-01-2024,Manager,4,Good performance
64,64,01-01-2024,Manager,5,Outstanding performance
65,65,01-01-2024,Manager,2,Needs Improvement
66,66,01-01-2024,Manager,4,Exceeds Expectations
67,67,01-01-2024,Manager,1,Very bad performance
68,68,01-01-2024,Manager,3,Satisfactory performance
69,69,01-01-2024,Manager,5,Outstanding performance
70,70,01-01-2024,Manager,2,Needs Improvement
71,71,01-01-2024,Manager,4,Exceeds Expectations
72,72,01-01-2024,Manager,1,Very bad performance
73,73,01-01-2024,Manager,3,Satisfactory performance
74,74,01-01-2024,Manager,5,Outstanding performance
75,75,01-01-2024,Manager,2,Needs Improvement
76,76,01-01-2024,Manager,4,Exceeds Expectations
77,77,01-01-2024,Manager,1,Very bad performance
78,78,01-01-2024,Manager,3,Satisfactory performance
79,79,01-01-2024,Manager,5,Outstanding performance
80,80,01-01-2024,Manager,1,Unsatisfactory performance
81,81,01-01-2024,Manager,2,Needs Improvement
82,82,01-01-2024,Manager,3,Meets Expectations
83,83,01-01-2024,Manager,4,Exceeds Expectations
84,84,01-01-2024,Manager,5,Excellent performance
85,85,01-01-2024,Manager,1,Very bad performance
86,86,01-01-2024,Manager,2,Bad Performance
87,87,01-01-2024,Manager,3,Satisfactory performance
88,88,01-01-2024,Manager,4,Good performance
89,89,01-01-2024,Manager,5,Outstanding performance
90,90,01-01-2024,Manager,1,Unsatisfactory performance
91,91,01-01-2024,Manager,3,Meets Expectations
92,92,01-01-2024,Manager,5,Excellent performance
93,93,01-01-2024,Manager,2,Bad Performance
94,94,01-01-2024,Manager,4,Good performance
95,95,01-01-2024,Manager,1,Unsatisfactory performance
96,96,01-01-2024,Manager,3,Meets Expectations
97,97,01-01-2024,Manager,5,Excellent performance
98,98,01-01-2024,Manager,2,Bad Performance
99,99,01-01-2024,Manager,4,Good performance
100,100,01-01-2024,Manager,1,Unsatisfactory performance
101,101,01-01-2024,Manager,3,Meets Expectations
102,102,01-01-2024,Manager,5,Excellent performance
103,103,01-01-2024,Manager,2,Bad Performance
104,104,01-01-2024,Manager,4,Good performance
105,105,01-01-2024,Manager,1,Unsatisfactory performance
106,106,01-01-2024,Manager,2,Needs Improvement
107,107,01-01-2024,Manager,3,Meets Expectations
108,108,01-01-2024,Manager,4,Exceeds Expectations
109,109,01-01-2024,Manager,5,Excellent performance
110,110,01-01-2024,Manager,1,Very bad performance
111,111,01-01-2024,Manager,2,Bad Performance
112,112,01-01-2024,Manager,3,Satisfactory performance
113,113,01-01-2024,Manager,4,Good performance
114,114,01-01-2024,Manager,5,Outstanding performance
115,115,01-01-2024,Manager,1,Unsatisfactory performance
116,116,01-01-2024,Manager,2,Needs Improvement
117,117,01-01-2024,Manager,4,Exceeds Expectations
118,118,01-01-2024,Manager,1,Very bad performance
119,119,01-01-2024,Manager,3,Satisfactory performance
120,120,01-01-2024,Manager,5,Outstanding performance
121,121,01-01-2024,Manager,2,Needs Improvement
122,122,01-01-2024,Manager,4,Exceeds Expectations
123,123,01-01-2024,Manager,1,Very bad performance
124,124,01-01-2024,Manager,3,Satisfactory performance
125,125,01-01-2024,Manager,5,Outstanding performance
126,126,01-01-2024,Manager,2,Needs Improvement
127,127,01-01-2024,Manager,4,Exceeds Expectations
128,128,01-01-2024,Manager,1,Very bad performance
129,129,01-01-2024,Manager,3,Satisfactory performance
130,130,01-01-2024,Manager,5,Outstanding performance
131,131,01-01-2024,Manager,2,Needs Improvement
132,132,01-01-2024,Manager,3,Meets Expectations
133,133,01-01-2024,Manager,4,Exceeds Expectations
134,134,01-01-2024,Manager,5,Excellent performance
135,135,01-01-2024,Manager,1,Very bad performance
136,136,01-01-2024,Manager,2,Bad Performance
137,137,01-01-2024,Manager,3,Satisfactory performance
138,138,01-01-2024,Manager,4,Good performance
139,139,01-01-2024,Manager,5,Outstanding performance
140,140,01-01-2024,Manager,1,Unsatisfactory performance
141,141,01-01-2024,Manager,2,Needs Improvement
142,142,01-01-2024,Manager,3,Meets Expectations
143,143,01-01-2024,Manager,5,Excellent performance
144,144,01-01-2024,Manager,2,Bad Performance
145,145,01-01-2024,Manager,4,Good performance
146,146,01-01-2024,Manager,1,Unsatisfactory performance
147,147,01-01-2024,Manager,3,Meets Expectations
148,148,01-01-2024,Manager,5,Excellent performance
149,149,01-01-2024,Manager,2,Bad Performance
150,150,01-01-2024,Manager,4,Good performance
151,151,01-01-2024,Manager,1,Unsatisfactory performance
152,152,01-01-2024,Manager,3,Meets Expectations
153,153,01-01-2024,Manager,5,Excellent performance
154,154,01-01-2024,Manager,2,Bad Performance
155,155,01-01-2024,Manager,4,Good performance
156,156,01-01-2024,Manager,1,Unsatisfactory performance
157,157,01-01-2024,Manager,3,Meets Expectations
158,158,01-01-2024,Manager,4,Exceeds Expectations
159,159,01-01-2024,Manager,5,Excellent performance
160,160,01-01-2024,Manager,1,Very bad performance
161,161,01-01-2024,Manager,2,Bad Performance
162,162,01-01-2024,Manager,3,Satisfactory performance
163,163,01-01-2024,Manager,4,Good performance
164,164,01-01-2024,Manager,5,Outstanding performance
165,165,01-01-2024,Manager,1,Unsatisfactory performance
166,166,01-01-2024,Manager,2,Needs Improvement
167,167,01-01-2024,Manager,3,Meets Expectations
168,168,01-01-2024,Manager,4,Exceeds Expectations
169,169,01-01-2024,Manager,1,Very bad performance
170,170,01-01-2024,Manager,3,Satisfactory performance
171,171,01-01-2024,Manager,5,Outstanding performance
172,172,01-01-2024,Manager,2,Needs Improvement
173,173,01-01-2024,Manager,4,Exceeds Expectations
174,174,01-01-2024,Manager,1,Very bad performance
175,175,01-01-2024,Manager,3,Satisfactory performance
176,176,01-01-2024,Manager,5,Outstanding performance
177,177,01-01-2024,Manager,2,Needs Improvement
178,178,01-01-2024,Manager,4,Exceeds Expectations
179,179,01-01-2024,Manager,1,Very bad performance
180,180,01-01-2024,Manager,3,Satisfactory performance
181,181,01-01-2024,Manager,5,Outstanding performance
182,182,01-01-2024,Manager,2,Needs Improvement
183,183,01-01-2024,Manager,4,Exceeds Expectations
184,184,01-01-2024,Manager,5,Excellent performance
185,185,01-01-2024,Manager,1,Very bad performance
186,186,01-01-2024,Manager,2,Bad Performance
187,187,01-01-2024,Manager,3,Satisfactory performance
188,188,01-01-2024,Manager,4,Good performance
189,189,01-01-2024,Manager,5,Outstanding performance
190,190,01-01-2024,Manager,1,Unsatisfactory performance
191,191,01-01-2024,Manager,2,Needs Improvement
192,192,01-01-2024,Manager,3,Meets Expectations
193,193,01-01-2024,Manager,4,Exceeds Expectations
194,194,01-01-2024,Manager,5,Excellent performance
195,195,01-01-2024,Manager,2,Bad Performance
196,196,01-01-2024,Manager,4,Good performance
197,197,01-01-2024,Manager,1,Unsatisfactory performance
198,198,01-01-2024,Manager,3,Meets Expectations
199,199,01-01-2024,Manager,5,Excellent performance
200,200,01-01-2024,Manager,2,Bad Performance
201,201,01-01-2024,Manager,4,Good performance
202,202,01-01-2024,Manager,1,Unsatisfactory performance
203,203,01-01-2024,Manager,3,Meets Expectations
204,204,01-01-2024,Manager,5,Excellent performance
205,205,01-01-2024,Manager,2,Bad Performance
206,206,01-01-2024,Manager,4,Good performance
207,207,01-01-2024,Manager,1,Unsatisfactory performance
208,208,01-01-2024,Manager,3,Meets Expectations
209,209,01-01-2024,Manager,5,Excellent performance
210,210,01-01-2024,Manager,1,Very bad performance
211,211,01-01-2024,Manager,2,Bad Performance
212,212,01-01-2024,Manager,3,Satisfactory performance
213,213,01-01-2024,Manager,4,Good performance
214,214,01-01-2024,Manager,5,Outstanding performance
215,215,01-01-2024,Manager,1,Unsatisfactory performance
216,216,01-01-2024,Manager,2,Needs Improvement
217,217,01-01-2024,Manager,3,Meets Expectations
218,218,01-01-2024,Manager,4,Exceeds Expectations
219,219,01-01-2024,Manager,5,Excellent performance
220,220,01-01-2024,Manager,1,Very bad performance
221,221,01-01-2024,Manager,3,Satisfactory performance
222,222,01-01-2024,Manager,5,Outstanding performance
223,223,01-01-2024,Manager,2,Needs Improvement
224,224,01-01-2024,Manager,4,Exceeds Expectations
225,225,01-01-2024,Manager,1,Very bad performance
226,226,01-01-2024,Manager,3,Satisfactory performance
227,227,01-01-2024,Manager,5,Outstanding performance
228,228,01-01-2024,Manager,2,Needs Improvement
229,229,01-01-2024,Manager,4,Exceeds Expectations
230,230,01-01-2024,Manager,1,Very bad performance
231,231,01-01-2024,Manager,3,Satisfactory performance
232,232,01-01-2024,Manager,5,Outstanding performance
233,233,01-01-2024,Manager,2,Needs Improvement
234,234,01-01-2024,Manager,4,Exceeds Expectations
235,235,01-01-2024,Manager,1,Very bad performance
236,236,01-01-2024,Manager,2,Bad Performance
237,237,01-01-2024,Manager,3,Satisfactory performance
238,238,01-01-2024,Manager,4,Good performance
239,239,01-01-2024,Manager,5,Outstanding performance
240,240,01-01-2024,Manager,1,Unsatisfactory performance
241,241,01-01-2024,Manager,2,Needs Improvement
242,242,01-01-2024,Manager,3,Meets Expectations
243,243,01-01-2024,Manager,4,Exceeds Expectations
244,244,01-01-2024,Manager,5,Excellent performance
245,245,01-01-2024,Manager,1,Very bad performance
246,246,01-01-2024,Manager,2,Bad Performance
247,247,01-01-2024,Manager,4,Good performance
248,248,01-01-2024,Manager,1,Unsatisfactory performance
249,249,01-01-2024,Manager,3,Meets Expectations
250,250,01-01-2024,Manager,5,Excellent performance
251,251,01-01-2024,Manager,2,Bad Performance
252,252,01-01-2024,Manager,4,Good performance
253,253,01-01-2024,Manager,1,Unsatisfactory performance
254,254,01-01-2024,Manager,3,Meets Expectations
255,255,01-01-2024,Manager,5,Excellent performance
256,256,01-01-2024,Manager,2,Bad Performance
257,257,01-01-2024,Manager,4,Good performance
258,258,01-01-2024,Manager,1,Unsatisfactory performance
259,259,01-01-2024,Manager,3,Meets Expectations
260,260,01-01-2024,Manager,5,Excellent performance
261,261,01-01-2024,Manager,2,Bad Performance
262,262,01-01-2024,Manager,3,Satisfactory performance
263,263,01-01-2024,Manager,4,Good performance
264,264,01-01-2024,Manager,5,Outstanding performance
265,265,01-01-2024,Manager,1,Unsatisfactory performance
266,266,01-01-2024,Manager,2,Needs Improvement
267,267,01-01-2024,Manager,3,Meets Expectations
268,268,01-01-2024,Manager,4,Exceeds Expectations
269,269,01-01-2024,Manager,5,Excellent performance
270,270,01-01-2024,Manager,1,Very bad performance
271,271,01-01-2024,Manager,2,Bad Performance
272,272,01-01-2024,Manager,3,Satisfactory performance
273,273,01-01-2024,Manager,5,Outstanding performance
274,274,01-01-2024,Manager,2,Needs Improvement
275,275,01-01-2024,Manager,4,Exceeds Expectations
276,276,01-01-2024,Manager,1,Very bad performance
277,277,01-01-2024,Manager,3,Satisfactory performance
278,278,01-01-2024,Manager,5,Outstanding performance
279,279,01-01-2024,Manager,2,Needs Improvement
280,280,01-01-2024,Manager,4,Exceeds Expectations
281,281,01-01-2024,Manager,1,Very bad performance
282,282,01-01-2024,Manager,3,Satisfactory performance
283,283,01-01-2024,Manager,5,Outstanding performance
284,284,01-01-2024,Manager,2,Needs Improvement
285,285,01-01-2024,Manager,4,Exceeds Expectations
286,286,01-01-2024,Manager,1,Very bad performance
287,287,01-01-2024,Manager,3,Satisfactory performance
288,288,01-01-2024,Manager,4,Good performance
289,289,01-01-2024,Manager,5,Outstanding performance
290,290,01-01-2024,Manager,1,Unsatisfactory performance
291,291,01-01-2024,Manager,2,Needs Improvement
292,292,01-01-2024,Manager,3,Meets Expectations
293,293,01-01-2024,Manager,4,Exceeds Expectations
294,294,01-01-2024,Manager,5,Excellent performance
295,295,01-01-2024,Manager,1,Very bad performance
296,296,01-01-2024,Manager,2,Bad Performance
297,297,01-01-2024,Manager,3,Satisfactory performance
298,298,01-01-2024,Manager,4,Good performance
299,299,01-01-2024,Manager,1,Unsatisfactory performance
300,300,01-01-2024,Manager,3,Meets Expectations
301,301,01-01-2024,Manager,5,Excellent performance
302,302,01-01-2024,Manager,2,Bad Performance
303,303,01-01-2024,Manager,4,Good performance
304,304,01-01-2024,Manager,1,Unsatisfactory performance
305,305,01-01-2024,Manager,3,Meets Expectations
306,306,01-01-2024,Manager,5,Excellent performance
307,307,01-01-2024,Manager,2,Bad Performance
308,308,01-01-2024,Manager,4,Good performance
309,309,01-01-2024,Manager,1,Unsatisfactory performance
310,310,01-01-2024,Manager,3,Meets Expectations
311,311,01-01-2024,Manager,5,Excellent performance
312,312,01-01-2024,Manager,2,Bad Performance
313,313,01-01-2024,Manager,4,Good performance
314,314,01-01-2024,Manager,5,Outstanding performance
315,315,01-01-2024,Manager,1,Unsatisfactory performance
316,316,01-01-2024,Manager,2,Needs Improvement
317,317,01-01-2024,Manager,3,Meets Expectations
318,318,01-01-2024,Manager,4,Exceeds Expectations
319,319,01-01-2024,Manager,5,Excellent performance
320,320,01-01-2024,Manager,1,Very bad performance
321,321,01-01-2024,Manager,2,Bad Performance
322,322,01-01-2024,Manager,3,Satisfactory performance
323,323,01-01-2024,Manager,4,Good performance
324,324,01-01-2024,Manager,5,Outstanding performance
325,325,01-01-2024,Manager,2,Needs Improvement
326,326,01-01-2024,Manager,4,Exceeds Expectations
327,327,01-01-2024,Manager,1,Very bad performance
328,328,01-01-2024,Manager,3,Satisfactory performance
329,329,01-01-2024,Manager,5,Outstanding performance
330,330,01-01-2024,Manager,2,Needs Improvement
331,331,01-01-2024,Manager,4,Exceeds Expectations
332,332,01-01-2024,Manager,1,Very bad performance
333,333,01-01-2024,Manager,3,Satisfactory performance
334,334,01-01-2024,Manager,5,Outstanding performance
335,335,01-01-2024,Manager,2,Needs Improvement
336,336,01-01-2024,Manager,4,Exceeds Expectations
337,337,01-01-2024,Manager,1,Very bad performance
338,338,01-01-2024,Manager,3,Satisfactory performance
339,339,01-01-2024,Manager,5,Outstanding performance
340,340,01-01-2024,Manager,1,Unsatisfactory performance
341,341,01-01-2024,Manager,2,Needs Improvement
342,342,01-01-2024,Manager,3,Meets Expectations
343,343,01-01-2024,Manager,4,Exceeds Expectations
344,344,01-01-2024,Manager,5,Excellent performance
345,345,01-01-2024,Manager,1,Very bad performance
346,346,01-01-2024,Manager,2,Bad Performance
347,347,01-01-2024,Manager,3,Satisfactory performance
348,348,01-01-2024,Manager,4,Good performance
349,349,01-01-2024,Manager,5,Outstanding performance
350,350,01-01-2024,Manager,1,Unsatisfactory performance
351,351,01-01-2024,Manager,3,Meets Expectations
352,352,01-01-2024,Manager,5,Excellent performance
353,353,01-01-2024,Manager,2,Bad Performance
354,354,01-01-2024,Manager,4,Good performance
355,355,01-01-2024,Manager,1,Unsatisfactory performance
356,356,01-01-2024,Manager,3,Meets Expectations
357,357,01-01-2024,Manager,5,Excellent performance
358,358,01-01-2024,Manager,2,Bad Performance
359,359,01-01-2024,Manager,4,Good performance
360,360,01-01-2024,Manager,1,Unsatisfactory performance
361,361,01-01-2024,Manager,3,Meets Expectations
362,362,01-01-2024,Manager,5,Excellent performance
363,363,01-01-2024,Manager,2,Bad Performance
364,364,01-01-2024,Manager,4,Good performance
365,365,01-01-2024,Manager,1,Unsatisfactory performance
366,366,01-01-2024,Manager,2,Needs Improvement
367,367,01-01-2024,Manager,3,Meets Expectations
368,368,01-01-2024,Manager,4,Exceeds Expectations
369,369,01-01-2024,Manager,5,Excellent performance
370,370,01-01-2024,Manager,1,Very bad performance
371,371,01-01-2024,Manager,2,Bad Performance
372,372,01-01-2024,Manager,3,Satisfactory performance
373,373,01-01-2024,Manager,4,Good performance
374,374,01-01-2024,Manager,5,Outstanding performance
375,375,01-01-2024,Manager,1,Unsatisfactory performance
376,376,01-01-2024,Manager,2,Needs Improvement
377,377,01-01-2024,Manager,4,Exceeds Expectations
378,378,01-01-2024,Manager,1,Very bad performance
379,379,01-01-2024,Manager,3,Satisfactory performance
380,380,01-01-2024,Manager,5,Outstanding performance
381,381,01-01-2024,Manager,2,Needs Improvement
382,382,01-01-2024,Manager,4,Exceeds Expectations
383,383,01-01-2024,Manager,1,Very bad performance
384,384,01-01-2024,Manager,3,Satisfactory performance
385,385,01-01-2024,Manager,5,Outstanding performance
386,386,01-01-2024,Manager,2,Needs Improvement
387,387,01-01-2024,Manager,4,Exceeds Expectations
388,388,01-01-2024,Manager,1,Very bad performance
389,389,01-01-2024,Manager,3,Satisfactory performance
390,390,01-01-2024,Manager,5,Outstanding performance
391,391,01-01-2024,Manager,2,Needs Improvement
392,392,01-01-2024,Manager,3,Meets Expectations
393,393,01-01-2024,Manager,4,Exceeds Expectations
394,394,01-01-2024,Manager,5,Excellent performance
395,395,01-01-2024,Manager,1,Very bad performance
396,396,01-01-2024,Manager,2,Bad Performance
397,397,01-01-2024,Manager,3,Satisfactory performance
398,398,01-01-2024,Manager,4,Good performance
399,399,01-01-2024,Manager,5,Outstanding performance
400,400,01-01-2024,Manager,1,Unsatisfactory performance
401,401,01-01-2024,Manager,2,Needs Improvement
402,402,01-01-2024,Manager,3,Meets Expectations
403,403,01-01-2024,Manager,5,Excellent performance
404,404,01-01-2024,Manager,2,Bad Performance
405,405,01-01-2024,Manager,4,Good performance
406,406,01-01-2024,Manager,1,Unsatisfactory performance
407,407,01-01-2024,Manager,3,Meets Expectations
408,408,01-01-2024,Manager,5,Excellent performance
409,409,01-01-2024,Manager,2,Bad Performance
410,410,01-01-2024,Manager,4,Good performance
411,411,01-01-2024,Manager,1,Unsatisfactory performance
412,412,01-01-2024,Manager,3,Meets Expectations
413,413,01-01-2024,Manager,5,Excellent performance
414,414,01-01-2024,Manager,2,Bad Performance
415,415,01-01-2024,Manager,4,Good performance
416,416,01-01-2024,Manager,1,Unsatisfactory performance
417,417,01-01-2024,Manager,3,Meets Expectations
418,418,01-01-2024,Manager,4,Exceeds Expectations
419,419,01-01-2024,Manager,5,Excellent performance
420,420,01-01-2024,Manager,1,Very bad performance
421,421,01-01-2024,Manager,2,Bad Performance
422,422,01-01-2024,Manager,3,Satisfactory performance
423,423,01-01-2024,Manager,4,Good performance
424,424,01-01-2024,Manager,5,Outstanding performance
425,425,01-01-2024,Manager,1,Unsatisfactory performance
426,426,01-01-2024,Manager,2,Needs Improvement
427,427,01-01-2024,Manager,3,Meets Expectations
428,428,01-01-2024,Manager,4,Exceeds Expectations
429,429,01-01-2024,Manager,1,Very bad performance
430,430,01-01-2024,Manager,3,Satisfactory performance
431,431,01-01-2024,Manager,5,Outstanding performance
432,432,01-01-2024,Manager,2,Needs Improvement
433,433,01-01-2024,Manager,4,Exceeds Expectations
434,434,01-01-2024,Manager,1,Very bad performance
435,435,01-01-2024,Manager,3,Satisfactory performance
436,436,01-01-2024,Manager,5,Outstanding performance
437,437,01-01-2024,Manager,2,Needs Improvement
438,438,01-01-2024,Manager,4,Exceeds Expectations
439,439,01-01-2024,Manager,1,Very bad performance
440,440,01-01-2024,Manager,3,Satisfactory performance
441,441,01-01-2024,Manager,5,Outstanding performance
442,442,01-01-2024,Manager,2,Needs Improvement
443,443,01-01-2024,Manager,4,Exceeds Expectations
444,444,01-01-2024,Manager,5,Excellent performance
445,445,01-01-2024,Manager,1,Very bad performance
446,446,01-01-2024,Manager,2,Bad Performance
447,447,01-01-2024,Manager,3,Satisfactory performance
448,448,01-01-2024,Manager,4,Good performance
449,449,01-01-2024,Manager,5,Outstanding performance
450,450,01-01-2024,Manager,1,Unsatisfactory performance
451,451,01-01-2024,Manager,2,Needs Improvement
452,452,01-01-2024,Manager,3,Meets Expectations
453,453,01-01-2024,Manager,4,Exceeds Expectations
454,454,01-01-2024,Manager,5,Excellent performance
455,455,01-01-2024,Manager,2,Bad Performance
456,456,01-01-2024,Manager,4,Good performance
457,457,01-01-2024,Manager,1,Unsatisfactory performance
458,458,01-01-2024,Manager,3,Meets Expectations
459,459,01-01-2024,Manager,5,Excellent performance
460,460,01-01-2024,Manager,2,Bad Performance
461,461,01-01-2024,Manager,4,Good performance
462,462,01-01-2024,Manager,1,Unsatisfactory performance
463,463,01-01-2024,Manager,3,Meets Expectations
464,464,01-01-2024,Manager,5,Excellent performance
465,465,01-01-2024,Manager,2,Bad Performance
466,466,01-01-2024,Manager,4,Good performance
467,467,01-01-2024,Manager,1,Unsatisfactory performance
468,468,01-01-2024,Manager,3,Meets Expectations
469,469,01-01-2024,Manager,5,Excellent performance
470,470,01-01-2024,Manager,1,Very bad performance
471,471,01-01-2024,Manager,2,Bad Performance
472,472,01-01-2024,Manager,3,Satisfactory performance
473,473,01-01-2024,Manager,4,Good performance
474,474,01-01-2024,Manager,5,Outstanding performance
475,475,01-01-2024,Manager,1,Unsatisfactory performance
476,476,01-01-2024,Manager,2,Needs Improvement
477,477,01-01-2024,Manager,3,Meets Expectations
478,478,01-01-2024,Manager,4,Exceeds Expectations
479,479,01-01-2024,Manager,5,Excellent performance
480,480,01-01-2024,Manager,1,Very bad performance
481,481,01-01-2024,Manager,3,Satisfactory performance
482,482,01-01-2024,Manager,5,Outstanding performance
483,483,01-01-2024,Manager,2,Needs Improvement
484,484,01-01-2024,Manager,4,Exceeds Expectations
485,485,01-01-2024,Manager,1,Very bad performance
486,486,01-01-2024,Manager,3,Satisfactory performance
487,487,01-01-2024,Manager,5,Outstanding performance
488,488,01-01-2024,Manager,2,Needs Improvement
489,489,01-01-2024,Manager,4,Exceeds Expectations
490,490,01-01-2024,Manager,1,Very bad performance
491,491,01-01-2024,Manager,3,Satisfactory performance
492,492,01-01-2024,Manager,5,Outstanding performance
493,493,01-01-2024,Manager,2,Needs Improvement
494,494,01-01-2024,Manager,4,Exceeds Expectations
495,495,01-01-2024,Manager,1,Very bad performance
496,496,01-01-2024,Manager,2,Bad Performance
497,497,01-01-2024,Manager,3,Satisfactory performance
498,498,01-01-2024,Manager,4,Good performance
499,499,01-01-2024,Manager,5,Outstanding performance
500,500,01-01-2024,Manager,1,Unsatisfactory performance
501,501,01-01-2024,Manager,2,Needs Improvement
502,502,01-01-2024,Manager,3,Meets Expectations
503,503,01-01-2024,Manager,4,Exceeds Expectations
504,504,01-01-2024,Manager,5,Excellent performance
505,505,01-01-2024,Manager,1,Very bad performance
506,506,01-01-2024,Manager,2,Bad Performance
507,507,01-01-2024,Manager,4,Good performance
508,508,01-01-2024,Manager,1,Unsatisfactory performance
509,509,01-01-2024,Manager,3,Meets Expectations
510,510,01-01-2024,Manager,5,Excellent performance
511,511,01-01-2024,Manager,2,Bad Performance
512,512,01-01-2024,Manager,4,Good performance
513,513,01-01-2024,Manager,1,Unsatisfactory performance
514,514,01-01-2024,Manager,3,Meets Expectations
515,515,01-01-2024,Manager,5,Excellent performance
516,516,01-01-2024,Manager,2,Bad Performance
517,517,01-01-2024,Manager,4,Good performance
518,518,01-01-2024,Manager,1,Unsatisfactory performance
519,519,01-01-2024,Manager,3,Meets Expectations
520,520,01-01-2024,Manager,5,Excellent performance
521,521,01-01-2024,Manager,2,Bad Performance
522,522,01-01-2024,Manager,3,Satisfactory performance
523,523,01-01-2024,Manager,4,Good performance
524,524,01-01-2024,Manager,5,Outstanding performance
525,525,01-01-2024,Manager,1,Unsatisfactory performance
526,526,01-01-2024,Manager,2,Needs Improvement
527,527,01-01-2024,Manager,3,Meets Expectations
528,528,01-01-2024,Manager,4,Exceeds Expectations
529,529,01-01-2024,Manager,5,Excellent performance
530,530,01-01-2024,Manager,1,Very bad performance
531,531,01-01-2024,Manager,2,Bad Performance
532,532,01-01-2024,Manager,3,Satisfactory performance
533,533,01-01-2024,Manager,5,Outstanding performance
534,534,01-01-2024,Manager,2,Needs Improvement
535,535,01-01-2024,Manager,4,Exceeds Expectations
536,536,01-01-2024,Manager,1,Very bad performance
537,537,01-01-2024,Manager,3,Satisfactory performance
538,538,01-01-2024,Manager,5,Outstanding performance
539,539,01-01-2024,Manager,2,Needs Improvement
540,540,01-01-2024,Manager,4,Exceeds Expectations
541,541,01-01-2024,Manager,1,Very bad performance
542,542,01-01-2024,Manager,3,Satisfactory performance
543,543,01-01-2024,Manager,5,Outstanding performance
544,544,01-01-2024,Manager,2,Needs Improvement
545,545,01-01-2024,Manager,4,Exceeds Expectations
546,546,01-01-2024,Manager,1,Very bad performance
547,547,01-01-2024,Manager,3,Satisfactory performance
548,548,01-01-2024,Manager,4,Good performance
549,549,01-01-2024,Manager,5,Outstanding performance
550,550,01-01-2024,Manager,1,Unsatisfactory performance
551,551,01-01-2024,Manager,2,Needs Improvement
552,552,01-01-2024,Manager,3,Meets Expectations
553,553,01-01-2024,Manager,4,Exceeds Expectations
554,554,01-01-2024,Manager,5,Excellent performance
555,555,01-01-2024,Manager,1,Very bad performance
556,556,01-01-2024,Manager,2,Bad Performance
557,557,01-01-2024,Manager,3,Satisfactory performance
558,558,01-01-2024,Manager,4,Good performance
559,559,01-01-2024,Manager,1,Unsatisfactory performance
560,560,01-01-2024,Manager,3,Meets Expectations
561,561,01-01-2024,Manager,5,Excellent performance
562,562,01-01-2024,Manager,2,Bad Performance
563,563,01-01-2024,Manager,4,Good performance
564,564,01-01-2024,Manager,1,Unsatisfactory performance
565,565,01-01-2024,Manager,3,Meets Expectations
566,566,01-01-2024,Manager,5,Excellent performance
567,567,01-01-2024,Manager,2,Bad Performance
568,568,01-01-2024,Manager,4,Good performance
569,569,01-01-2024,Manager,1,Unsatisfactory performance
570,570,01-01-2024,Manager,3,Meets Expectations
571,571,01-01-2024,Manager,5,Excellent performance
572,572,01-01-2024,Manager,2,Bad Performance
573,573,01-01-2024,Manager,4,Good performance
574,574,01-01-2024,Manager,5,Outstanding performance
575,575,01-01-2024,Manager,1,Unsatisfactory performance
576,576,01-01-2024,Manager,2,Needs Improvement
577,577,01-01-2024,Manager,3,Meets Expectations
578,578,01-01-2024,Manager,4,Exceeds Expectations
579,579,01-01-2024,Manager,5,Excellent performance
580,580,01-01-2024,Manager,1,Very bad performance
581,581,01-01-2024,Manager,2,Bad Performance
582,582,01-01-2024,Manager,3,Satisfactory performance
583,583,01-01-2024,Manager,4,Good performance
584,584,01-01-2024,Manager,5,Outstanding performance
585,585,01-01-2024,Manager,2,Needs Improvement
586,586,01-01-2024,Manager,4,Exceeds Expectations
587,587,01-01-2024,Manager,1,Very bad performance
588,588,01-01-2024,Manager,3,Satisfactory performance
589,589,01-01-2024,Manager,5,Outstanding performance
590,590,01-01-2024,Manager,2,Needs Improvement
591,591,01-01-2024,Manager,4,Exceeds Expectations
592,592,01-01-2024,Manager,1,Very bad performance
593,593,01-01-2024,Manager,3,Satisfactory performance
594,594,01-01-2024,Manager,5,Outstanding performance
595,595,01-01-2024,Manager,2,Needs Improvement
596,596,01-01-2024,Manager,4,Exceeds Expectations
597,597,01-01-2024,Manager,1,Very bad performance
598,598,01-01-2024,Manager,3,Satisfactory performance
599,599,01-01-2024,Manager,5,Outstanding performance
600,600,01-01-2024,Manager,1,Unsatisfactory performance
601,601,01-01-2024,Manager,2,Needs Improvement
602,602,01-01-2024,Manager,3,Meets Expectations
603,603,01-01-2024,Manager,4,Exceeds Expectations
604,604,01-01-2024,Manager,5,Excellent performance
605,605,01-01-2024,Manager,1,Very bad performance
606,606,01-01-2024,Manager,2,Bad Performance
607,607,01-01-2024,Manager,3,Satisfactory performance
608,608,01-01-2024,Manager,4,Good performance
609,609,01-01-2024,Manager,5,Outstanding performance
610,610,01-01-2024,Manager,1,Unsatisfactory performance
611,611,01-01-2024,Manager,3,Meets Expectations
612,612,01-01-2024,Manager,5,Excellent performance
613,613,01-01-2024,Manager,2,Bad Performance
614,614,01-01-2024,Manager,4,Good performance
615,615,01-01-2024,Manager,1,Unsatisfactory performance
616,616,01-01-2024,Manager,3,Meets Expectations
617,617,01-01-2024,Manager,5,Excellent performance
618,618,01-01-2024,Manager,2,Bad Performance
619,619,01-01-2024,Manager,4,Good performance
620,620,01-01-2024,Manager,1,Unsatisfactory performance
621,621,01-01-2024,Manager,3,Meets Expectations
622,622,01-01-2024,Manager,5,Excellent performance
623,623,01-01-2024,Manager,2,Bad Performance
624,624,01-01-2024,Manager,4,Good performance
625,625,01-01-2024,Manager,1,Unsatisfactory performance
626,626,01-01-2024,Manager,2,Needs Improvement
627,627,01-01-2024,Manager,3,Meets Expectations
628,628,01-01-2024,Manager,4,Exceeds Expectations
629,629,01-01-2024,Manager,5,Excellent performance
630,630,01-01-2024,Manager,1,Very bad performance
631,631,01-01-2024,Manager,2,Bad Performance
632,632,01-01-2024,Manager,3,Satisfactory performance
633,633,01-01-2024,Manager,4,Good performance
634,634,01-01-2024,Manager,5,Outstanding performance
635,635,01-01-2024,Manager,1,Unsatisfactory performance
636,636,01-01-2024,Manager,2,Needs Improvement
637,637,01-01-2024,Manager,4,Exceeds Expectations
638,638,01-01-2024,Manager,1,Very bad performance
639,639,01-01-2024,Manager,3,Satisfactory performance
640,640,01-01-2024,Manager,5,Outstanding performance
641,641,01-01-2024,Manager,2,Needs Improvement
642,642,01-01-2024,Manager,4,Exceeds Expectations
643,643,01-01-2024,Manager,1,Very bad performance
644,644,01-01-2024,Manager,3,Satisfactory performance
645,645,01-01-2024,Manager,5,Outstanding performance
646,646,01-01-2024,Manager,2,Needs Improvement
647,647,01-01-2024,Manager,4,Exceeds Expectations
648,648,01-01-2024,Manager,1,Very bad performance
649,649,01-01-2024,Manager,3,Satisfactory performance
650,650,01-01-2024,Manager,5,Outstanding performance
651,651,01-01-2024,Manager,2,Needs Improvement
652,652,01-01-2024,Manager,3,Meets Expectations
653,653,01-01-2024,Manager,4,Exceeds Expectations
654,654,01-01-2024,Manager,5,Excellent performance
655,655,01-01-2024,Manager,1,Very bad performance
656,656,01-01-2024,Manager,2,Bad Performance
657,657,01-01-2024,Manager,3,Satisfactory performance
658,658,01-01-2024,Manager,4,Good performance
659,659,01-01-2024,Manager,5,Outstanding performance
660,660,01-01-2024,Manager,1,Unsatisfactory performance
661,661,01-01-2024,Manager,2,Needs Improvement
662,662,01-01-2024,Manager,3,Meets Expectations
663,663,01-01-2024,Manager,5,Excellent performance
664,664,01-01-2024,Manager,2,Bad Performance
665,665,01-01-2024,Manager,4,Good performance
666,666,01-01-2024,Manager,1,Unsatisfactory performance
667,667,01-01-2024,Manager,3,Meets Expectations
668,668,01-01-2024,Manager,5,Excellent performance
669,669,01-01-2024,Manager,2,Bad Performance
670,670,01-01-2024,Manager,4,Good performance
671,671,01-01-2024,Manager,1,Unsatisfactory performance
672,672,01-01-2024,Manager,3,Meets Expectations
673,673,01-01-2024,Manager,5,Excellent performance
674,674,01-01-2024,Manager,2,Bad Performance
675,675,01-01-2024,Manager,4,Good performance
676,676,01-01-2024,Manager,1,Unsatisfactory performance
677,677,01-01-2024,Manager,3,Meets Expectations
678,678,01-01-2024,Manager,4,Exceeds Expectations
679,679,01-01-2024,Manager,5,Excellent performance
680,680,01-01-2024,Manager,1,Very bad performance
681,681,01-01-2024,Manager,2,Bad Performance
682,682,01-01-2024,Manager,3,Satisfactory performance
683,683,01-01-2024,Manager,4,Good performance
684,684,01-01-2024,Manager,5,Outstanding performance
685,685,01-01-2024,Manager,1,Unsatisfactory performance
686,686,01-01-2024,Manager,2,Needs Improvement
687,687,01-01-2024,Manager,3,Meets Expectations
688,688,01-01-2024,Manager,4,Exceeds Expectations
689,689,01-01-2024,Manager,1,Very bad performance
690,690,01-01-2024,Manager,3,Satisfactory performance
691,691,01-01-2024,Manager,5,Outstanding performance
692,692,01-01-2024,Manager,2,Needs Improvement
693,693,01-01-2024,Manager,4,Exceeds Expectations
694,694,01-01-2024,Manager,1,Very bad performance
695,695,01-01-2024,Manager,3,Satisfactory performance
696,696,01-01-2024,Manager,5,Outstanding performance
697,697,01-01-2024,Manager,2,Needs Improvement
698,698,01-01-2024,Manager,4,Exceeds Expectations
699,699,01-01-2024,Manager,1,Very bad performance
700,700,01-01-2024,Manager,3,Satisfactory performance
701,701,01-01-2024,Manager,5,Outstanding performance
702,702,01-01-2024,Manager,2,Needs Improvement
703,703,01-01-2024,Manager,4,Exceeds Expectations
704,704,01-01-2024,Manager,5,Excellent performance
705,705,01-01-2024,Manager,1,Very bad performance
706,706,01-01-2024,Manager,2,Bad Performance
707,707,01-01-2024,Manager,3,Satisfactory performance
708,708,01-01-2024,Manager,4,Good performance
709,709,01-01-2024,Manager,5,Outstanding performance
710,710,01-01-2024,Manager,1,Unsatisfactory performance
711,711,01-01-2024,Manager,2,Needs Improvement
712,712,01-01-2024,Manager,3,Meets Expectations
713,713,01-01-2024,Manager,4,Exceeds Expectations
714,714,01-01-2024,Manager,5,Excellent performance
715,715,01-01-2024,Manager,2,Bad Performance
716,716,01-01-2024,Manager,4,Good performance
717,717,01-01-2024,Manager,1,Unsatisfactory performance
718,718,01-01-2024,Manager,3,Meets Expectations
719,719,01-01-2024,Manager,5,Excellent performance
720,720,01-01-2024,Manager,2,Bad Performance
721,721,01-01-2024,Manager,4,Good performance
722,722,01-01-2024,Manager,1,Unsatisfactory performance
723,723,01-01-2024,Manager,3,Meets Expectations
724,724,01-01-2024,Manager,5,Excellent performance
725,725,01-01-2024,Manager,2,Bad Performance
726,726,01-01-2024,Manager,4,Good performance
727,727,01-01-2024,Manager,1,Unsatisfactory performance
728,728,01-01-2024,Manager,3,Meets Expectations
729,729,01-01-2024,Manager,5,Excellent performance
730,730,01-01-2024,Manager,1,Very bad performance
731,731,01-01-2024,Manager,2,Bad Performance
732,732,01-01-2024,Manager,3,Satisfactory performance
733,733,01-01-2024,Manager,4,Good performance
734,734,01-01-2024,Manager,5,Outstanding performance
735,735,01-01-2024,Manager,1,Unsatisfactory performance
736,736,01-01-2024,Manager,2,Needs Improvement
737,737,01-01-2024,Manager,3,Meets Expectations
738,738,01-01-2024,Manager,4,Exceeds Expectations
739,739,01-01-2024,Manager,5,Excellent performance
740,740,01-01-2024,Manager,1,Very bad performance
741,741,01-01-2024,Manager,3,Satisfactory performance
742,742,01-01-2024,Manager,5,Outstanding performance
743,743,01-01-2024,Manager,2,Needs Improvement
744,744,01-01-2024,Manager,4,Exceeds Expectations
745,745,01-01-2024,Manager,1,Very bad performance
746,746,01-01-2024,Manager,3,Satisfactory performance
747,747,01-01-2024,Manager,5,Outstanding performance
748,748,01-01-2024,Manager,2,Needs Improvement
749,749,01-01-2024,Manager,4,Exceeds Expectations
750,750,01-01-2024,Manager,1,Very bad performance
751,751,01-01-2024,Manager,3,Satisfactory performance
752,752,01-01-2024,Manager,5,Outstanding performance
753,753,01-01-2024,Manager,2,Needs Improvement
754,754,01-01-2024,Manager,4,Exceeds Expectations
755,755,01-01-2024,Manager,1,Very bad performance
756,756,01-01-2024,Manager,2,Bad Performance
757,757,01-01-2024,Manager,3,Satisfactory performance
758,758,01-01-2024,Manager,4,Good performance
759,759,01-01-2024,Manager,5,Outstanding performance
760,760,01-01-2024,Manager,1,Unsatisfactory performance
761,761,01-01-2024,Manager,2,Needs Improvement
762,762,01-01-2024,Manager,3,Meets Expectations
763,763,01-01-2024,Manager,4,Exceeds Expectations
764,764,01-01-2024,Manager,5,Excellent performance
765,765,01-01-2024,Manager,1,Very bad performance
766,766,01-01-2024,Manager,2,Bad Performance
767,767,01-01-2024,Manager,4,Good performance
768,768,01-01-2024,Manager,1,Unsatisfactory performance
769,769,01-01-2024,Manager,3,Meets Expectations
770,770,01-01-2024,Manager,5,Excellent performance
771,771,01-01-2024,Manager,2,Bad Performance
772,772,01-01-2024,Manager,4,Good performance
773,773,01-01-2024,Manager,1,Unsatisfactory performance
774,774,01-01-2024,Manager,3,Meets Expectations
775,775,01-01-2024,Manager,5,Excellent performance
776,776,01-01-2024,Manager,2,Bad Performance
777,777,01-01-2024,Manager,4,Good performance
778,778,01-01-2024,Manager,1,Unsatisfactory performance
779,779,01-01-2024,Manager,3,Meets Expectations
780,780,01-01-2024,Manager,5,Excellent performance
781,781,01-01-2024,Manager,2,Bad Performance
782,782,01-01-2024,Manager,3,Satisfactory performance
783,783,01-01-2024,Manager,4,Good performance
784,784,01-01-2024,Manager,5,Outstanding performance
785,785,01-01-2024,Manager,1,Unsatisfactory performance
786,786,01-01-2024,Manager,2,Needs Improvement
787,787,01-01-2024,Manager,3,Meets Expectations
788,788,01-01-2024,Manager,4,Exceeds Expectations
789,789,01-01-2024,Manager,5,Excellent performance
790,790,01-01-2024,Manager,1,Very bad performance
791,791,01-01-2024,Manager,2,Bad Performance
792,792,01-01-2024,Manager,3,Satisfactory performance
793,793,01-01-2024,Manager,5,Outstanding performance
794,794,01-01-2024,Manager,2,Needs Improvement
795,795,01-01-2024,Manager,4,Exceeds Expectations
796,796,01-01-2024,Manager,1,Very bad performance
797,797,01-01-2024,Manager,3,Satisfactory performance
798,798,01-01-2024,Manager,5,Outstanding performance
799,799,01-01-2024,Manager,2,Needs Improvement
800,800,01-01-2024,Manager,4,Exceeds Expectations
801,801,01-01-2024,Manager,1,Very bad performance
802,802,01-01-2024,Manager,3,Satisfactory performance
803,803,01-01-2024,Manager,5,Outstanding performance
804,804,01-01-2024,Manager,2,Needs Improvement
805,805,01-01-2024,Manager,4,Exceeds Expectations
806,806,01-01-2024,Manager,1,Very bad performance
807,807,01-01-2024,Manager,3,Satisfactory performance
808,808,01-01-2024,Manager,4,Good performance
809,809,01-01-2024,Manager,5,Outstanding performance
810,810,01-01-2024,Manager,1,Unsatisfactory performance
811,811,01-01-2024,Manager,2,Needs Improvement
812,812,01-01-2024,Manager,3,Meets Expectations
813,813,01-01-2024,Manager,4,Exceeds Expectations
814,814,01-01-2024,Manager,5,Excellent performance
815,815,01-01-2024,Manager,1,Very bad performance
816,816,01-01-2024,Manager,2,Bad Performance
817,817,01-01-2024,Manager,3,Satisfactory performance
818,818,01-01-2024,Manager,4,Good performance
819,819,01-01-2024,Manager,1,Unsatisfactory performance
820,820,01-01-2024,Manager,3,Meets Expectations
821,821,01-01-2024,Manager,5,Excellent performance
822,822,01-01-2024,Manager,2,Bad Performance
823,823,01-01-2024,Manager,4,Good performance
824,824,01-01-2024,Manager,1,Unsatisfactory performance
825,825,01-01-2024,Manager,3,Meets Expectations
826,826,01-01-2024,Manager,5,Excellent performance
827,827,01-01-2024,Manager,2,Bad Performance
828,828,01-01-2024,Manager,4,Good performance
829,829,01-01-2024,Manager,1,Unsatisfactory performance
830,830,01-01-2024,Manager,3,Meets Expectations
831,831,01-01-2024,Manager,5,Excellent performance
832,832,01-01-2024,Manager,2,Bad Performance
833,833,01-01-2024,Manager,4,Good performance
834,834,01-01-2024,Manager,5,Outstanding performance
835,835,01-01-2024,Manager,1,Unsatisfactory performance
836,836,01-01-2024,Manager,2,Needs Improvement
837,837,01-01-2024,Manager,3,Meets Expectations
838,838,01-01-2024,Manager,4,Exceeds Expectations
839,839,01-01-2024,Manager,5,Excellent performance
840,840,01-01-2024,Manager,1,Very bad performance
841,841,01-01-2024,Manager,2,Bad Performance
842,842,01-01-2024,Manager,3,Satisfactory performance
843,843,01-01-2024,Manager,4,Good performance
844,844,01-01-2024,Manager,5,Outstanding performance
845,845,01-01-2024,Manager,2,Needs Improvement
846,846,01-01-2024,Manager,4,Exceeds Expectations
847,847,01-01-2024,Manager,1,Very bad performance
848,848,01-01-2024,Manager,3,Satisfactory performance
849,849,01-01-2024,Manager,5,Outstanding performance
850,850,01-01-2024,Manager,2,Needs Improvement
851,851,01-01-2024,Manager,4,Exceeds Expectations
852,852,01-01-2024,Manager,1,Very bad performance
853,853,01-01-2024,Manager,3,Satisfactory performance
854,854,01-01-2024,Manager,5,Outstanding performance
855,855,01-01-2024,Manager,2,Needs Improvement
856,856,01-01-2024,Manager,4,Exceeds Expectations
857,857,01-01-2024,Manager,1,Very bad performance
858,858,01-01-2024,Manager,3,Satisfactory performance
859,859,01-01-2024,Manager,5,Outstanding performance
860,860,01-01-2024,Manager,1,Unsatisfactory performance
861,861,01-01-2024,Manager,2,Needs Improvement
862,862,01-01-2024,Manager,3,Meets Expectations
863,863,01-01-2024,Manager,4,Exceeds Expectations
864,864,01-01-2024,Manager,5,Excellent performance
865,865,01-01-2024,Manager,1,Very bad performance
866,866,01-01-2024,Manager,2,Bad Performance
867,867,01-01-2024,Manager,3,Satisfactory performance
868,868,01-01-2024,Manager,4,Good performance
869,869,01-01-2024,Manager,5,Outstanding performance
870,870,01-01-2024,Manager,1,Unsatisfactory performance
871,871,01-01-2024,Manager,3,Meets Expectations
872,872,01-01-2024,Manager,5,Excellent performance
873,873,01-01-2024,Manager,2,Bad Performance
874,874,01-01-2024,Manager,4,Good performance
875,875,01-01-2024,Manager,1,Unsatisfactory performance
876,876,01-01-2024,Manager,3,Meets Expectations
877,877,01-01-2024,Manager,5,Excellent performance
878,878,01-01-2024,Manager,2,Bad Performance
879,879,01-01-2024,Manager,4,Good performance
880,880,01-01-2024,Manager,1,Unsatisfactory performance
881,881,01-01-2024,Manager,3,Meets Expectations
882,882,01-01-2024,Manager,5,Excellent performance
883,883,01-01-2024,Manager,2,Bad Performance
884,884,01-01-2024,Manager,4,Good performance
885,885,01-01-2024,Manager,1,Unsatisfactory performance
886,886,01-01-2024,Manager,2,Needs Improvement
887,887,01-01-2024,Manager,3,Meets Expectations
888,888,01-01-2024,Manager,4,Exceeds Expectations
889,889,01-01-2024,Manager,5,Excellent performance
890,890,01-01-2024,Manager,1,Very bad performance
891,891,01-01-2024,Manager,2,Bad Performance
892,892,01-01-2024,Manager,3,Satisfactory performance
893,893,01-01-2024,Manager,4,Good performance
894,894,01-01-2024,Manager,5,Outstanding performance
895,895,01-01-2024,Manager,1,Unsatisfactory performance
896,896,01-01-2024,Manager,2,Needs Improvement
897,897,01-01-2024,Manager,4,Exceeds Expectations
898,898,01-01-2024,Manager,1,Very bad performance
899,899,01-01-2024,Manager,3,Satisfactory performance
900,900,01-01-2024,Manager,5,Outstanding performance
901,901,01-01-2024,Manager,2,Needs Improvement
902,902,01-01-2024,Manager,4,Exceeds Expectations
903,903,01-01-2024,Manager,1,Very bad performance
904,904,01-01-2024,Manager,3,Satisfactory performance
905,905,01-01-2024,Manager,5,Outstanding performance
906,906,01-01-2024,Manager,2,Needs Improvement
907,907,01-01-2024,Manager,4,Exceeds Expectations
908,908,01-01-2024,Manager,1,Very bad performance
909,909,01-01-2024,Manager,3,Satisfactory performance
910,910,01-01-2024,Manager,5,Outstanding performance
911,911,01-01-2024,Manager,2,Needs Improvement
912,912,01-01-2024,Manager,3,Meets Expectations
913,913,01-01-2024,Manager,4,Exceeds Expectations
914,914,01-01-2024,Manager,5,Excellent performance
915,915,01-01-2024,Manager,1,Very bad performance
916,916,01-01-2024,Manager,2,Bad Performance
917,917,01-01-2024,Manager,3,Satisfactory performance
918,918,01-01-2024,Manager,4,Good performance
919,919,01-01-2024,Manager,5,Outstanding performance
920,920,01-01-2024,Manager,1,Unsatisfactory performance
921,921,01-01-2024,Manager,2,Needs Improvement
922,922,01-01-2024,Manager,3,Meets Expectations
923,923,01-01-2024,Manager,5,Excellent performance
924,924,01-01-2024,Manager,2,Bad Performance
925,925,01-01-2024,Manager,4,Good performance
926,926,01-01-2024,Manager,1,Unsatisfactory performance
927,927,01-01-2024,Manager,3,Meets Expectations
928,928,01-01-2024,Manager,5,Excellent performance
929,929,01-01-2024,Manager,2,Bad Performance
930,930,01-01-2024,Manager,4,Good performance
931,931,01-01-2024,Manager,1,Unsatisfactory performance
932,932,01-01-2024,Manager,3,Meets Expectations
933,933,01-01-2024,Manager,5,Excellent performance
934,934,01-01-2024,Manager,2,Bad Performance
935,935,01-01-2024,Manager,4,Good performance
936,936,01-01-2024,Manager,1,Unsatisfactory performance
937,937,01-01-2024,Manager,3,Meets Expectations
938,938,01-01-2024,Manager,4,Exceeds Expectations
939,939,01-01-2024,Manager,5,Excellent performance
940,940,01-01-2024,Manager,1,Very bad performance
941,941,01-01-2024,Manager,2,Bad Performance
942,942,01-01-2024,Manager,3,Satisfactory performance
943,943,01-01-2024,Manager,4,Good performance
944,944,01-01-2024,Manager,5,Outstanding performance
945,945,01-01-2024,Manager,1,Unsatisfactory performance
946,946,01-01-2024,Manager,2,Needs Improvement
947,947,01-01-2024,Manager,3,Meets Expectations
948,948,01-01-2024,Manager,4,Exceeds Expectations
949,949,01-01-2024,Manager,1,Very bad performance
950,950,01-01-2024,Manager,3,Satisfactory performance
951,951,01-01-2024,Manager,5,Outstanding performance
952,952,01-01-2024,Manager,2,Needs Improvement
953,953,01-01-2024,Manager,4,Exceeds Expectations
954,954,01-01-2024,Manager,1,Very bad performance
955,955,01-01-2024,Manager,3,Satisfactory performance
956,956,01-01-2024,Manager,5,Outstanding performance
957,957,01-01-2024,Manager,2,Needs Improvement
958,958,01-01-2024,Manager,4,Exceeds Expectations
959,959,01-01-2024,Manager,1,Very bad performance
960,960,01-01-2024,Manager,3,Satisfactory performance
961,961,01-01-2024,Manager,5,Outstanding performance
962,962,01-01-2024,Manager,2,Needs Improvement
963,963,01-01-2024,Manager,4,Exceeds Expectations
964,964,01-01-2024,Manager,5,Excellent performance
965,965,01-01-2024,Manager,1,Very bad performance
966,966,01-01-2024,Manager,2,Bad Performance
967,967,01-01-2024,Manager,3,Satisfactory performance
968,968,01-01-2024,Manager,4,Good performance
969,969,01-01-2024,Manager,5,Outstanding performance
970,970,01-01-2024,Manager,1,Unsatisfactory performance
971,971,01-01-2024,Manager,2,Needs Improvement
972,972,01-01-2024,Manager,3,Meets Expectations
973,973,01-01-2024,Manager,4,Exceeds Expectations
974,974,01-01-2024,Manager,5,Excellent performance
975,975,01-01-2024,Manager,2,Bad Performance
976,976,01-01-2024,Manager,4,Good performance
977,977,01-01-2024,Manager,1,Unsatisfactory performance
978,978,01-01-2024,Manager,3,Meets Expectations
979,979,01-01-2024,Manager,5,Excellent performance
980,980,01-01-2024,Manager,2,Bad Performance
981,981,01-01-2024,Manager,4,Good performance
982,982,01-01-2024,Manager,1,Unsatisfactory performance
983,983,01-01-2024,Manager,3,Meets Expectations
984,984,01-01-2024,Manager,5,Excellent performance
985,985,01-01-2024,Manager,2,Bad Performance
986,986,01-01-2024,Manager,4,Good performance
987,987,01-01-2024,Manager,1,Unsatisfactory performance
988,988,01-01-2024,Manager,3,Meets Expectations
989,989,01-01-2024,Manager,5,Excellent performance
990,990,01-01-2024,Manager,1,Very bad performance
991,991,01-01-2024,Manager,2,Bad Performance
992,992,01-01-2024,Manager,3,Satisfactory performance
993,993,01-01-2024,Manager,4,Good performance
994,994,01-01-2024,Manager,5,Outstanding performance
995,995,01-01-2024,Manager,1,Unsatisfactory performance
996,996,01-01-2024,Manager,2,Needs Improvement
997,997,01-01-2024,Manager,3,Meets Expectations
998,998,01-01-2024,Manager,4,Exceeds Expectations
999,999,01-01-2024,Manager,5,Excellent performance
1000,1000,01-01-2024,Manager,1,Very bad performance
